architecture,regime,epoch,train_loss_mean,train_loss_min,train_loss_max,validation_loss_mean,validation_loss_min,validation_loss_max,validation_macro_f1_mean,validation_macro_f1_min,validation_macro_f1_max,validation_accuracy_mean,n_seeds
resnet50,balanced_ce,1,0.9322930580471857,0.9176869980165954,0.9517352848564176,0.8684312140413105,0.578875881501998,1.374833618283076,0.676235478767717,0.5149511281992942,0.7813631881950885,0.6955665024630542,5
resnet50,balanced_ce,2,0.6798641967480128,0.6125078419390378,0.7359333746253083,0.5306256245142721,0.390661729784141,0.6828151759255696,0.8057277169686573,0.7572425682721949,0.8683369811253121,0.7829228243021347,5
resnet50,balanced_ce,3,0.5069817364970074,0.440139679691913,0.5761581260625842,0.6124107167136982,0.2826899140247423,1.8761226156075013,0.8593925328517992,0.664505335655583,0.9264961509966304,0.845320197044335,5
resnet50,balanced_ce,4,0.3978913376117632,0.3768856351740121,0.4357009150650882,1.2272792425882515,0.2768461502880494,4.208139609820737,0.7535948889193393,0.4792530936425202,0.8897381848272206,0.7513957307060755,5
resnet50,balanced_ce,5,0.35032811406679015,0.2918833515372762,0.3907002166934927,0.5257391389873038,0.2741003558896054,0.8238913156478307,0.8295595245372404,0.7074229456715846,0.8928161312371838,0.8374384236453203,5
resnet50,balanced_ce,6,0.27554100018970157,0.2452105589381211,0.3183294673586143,0.20148964639606293,0.1470132733042213,0.2930099253140524,0.931255649725531,0.884625601545866,0.9663511164688448,0.9261083743842364,5
resnet50,balanced_ce,7,0.21562445838076366,0.1907479588616711,0.2345908994074446,0.22196310783152612,0.0947060989857688,0.5910119730948619,0.9196234843287268,0.7767545514230517,0.9751654065711796,0.9110016420361248,5
resnet50,balanced_ce,8,0.2101860679170159,0.1971204382987768,0.2315606660604058,0.28184039600954114,0.0870180708678876,0.5045740735428087,0.9147458754697242,0.8484426682002294,0.9674447237797312,0.9126436781609197,5
resnet50,balanced_ce,9,0.16731257099651697,0.1621521056549515,0.1745974496059342,0.28615604489740654,0.1024475089214705,0.7118400376418541,0.8985626901941248,0.7350609881931658,0.9729287107779048,0.8922824302134647,5
resnet50,balanced_ce,10,0.1758070110448477,0.1349377788249763,0.2429227111733441,0.181271330799877,0.1543530252424171,0.2153601075640355,0.9362305832943767,0.904796420653445,0.962075542199664,0.9339901477832513,5
resnet50,balanced_ce,11,0.14286157828970086,0.109498905385918,0.1661273082394172,0.2140364493169083,0.0828559004544159,0.483822122297658,0.9388555004734667,0.8859850790945484,0.9722486101351788,0.9320197044334977,5
resnet50,balanced_ce,12,0.12430210870947614,0.1075125793820027,0.1392853749290711,0.09940972554570818,0.0499751609413653,0.1928705222635531,0.9623873374831676,0.8979364661799493,0.9881680880826016,0.9635467980295568,5
resnet50,balanced_ce,13,0.1246283967486584,0.0922539834466702,0.1407052919553406,0.22844991044180346,0.0651095636077729,0.4994800603690087,0.9281515307249819,0.8432862721355289,0.9803953037243284,0.9172413793103449,5
resnet50,balanced_ce,14,0.10921215039355467,0.0975630314670411,0.144988020530432,0.12779308349604007,0.0468986074635927,0.2622026367986252,0.9561964410192051,0.9004385446631049,0.98611057110729,0.9513957307060756,5
resnet50,balanced_ce,15,0.10047345920009224,0.0828583044548288,0.1154702227948943,0.0872440444885656,0.0249229271126341,0.16949178346704,0.9704276492961469,0.9328451065729272,0.9957297345925512,0.9671592775041052,5
resnet50,balanced_ce,16,0.0795807419719603,0.0644291837094106,0.0910299421351907,0.22530733042859968,0.0457285067853357,0.7591466524612238,0.9356058164037464,0.7919003638005402,0.9908196564950504,0.9349753694581281,5
resnet50,balanced_ce,17,0.06760962506306072,0.0607154736416463,0.073916066259879,0.16238878400608597,0.0214388843377087,0.4542895215142928,0.9517054187159332,0.8746691758712437,0.9972111671748652,0.9464696223316913,5
resnet50,balanced_ce,18,0.06756954171108846,0.0499344672262995,0.0797531487855582,0.07141479197206353,0.0276107386531452,0.1715902522198564,0.9769820421796316,0.9448663746952604,0.993118849292718,0.9743842364532022,5
resnet50,balanced_ce,19,0.05760290251633145,0.0373248933917582,0.0909687530908566,0.1173659181339565,0.0414238268439161,0.2733380250871328,0.9656420767292809,0.9216502882095128,0.98740381106521,0.960919540229885,5
resnet50,balanced_ce,20,0.050100631540265075,0.0387237810269521,0.0566583867967194,0.03882789724983708,0.0109453170727277,0.0760761469844208,0.9867342107086102,0.9645413576039444,0.9985177908945,0.986863711001642,5
resnet50,balanced_ce,21,0.0467035828804047,0.030347630598088,0.0608333931279144,0.0665573862465723,0.0213401996366578,0.1371298407025525,0.978626368697447,0.9512214856580712,0.994426588159032,0.9770114942528736,5
resnet50,balanced_ce,22,0.03244756614277462,0.0259699099899109,0.0494745719092709,0.029764616020687702,0.0142104263236157,0.0452262094023765,0.990070093073499,0.9815885117778872,0.9985177908945,0.9891625615763546,5
resnet50,balanced_ce,23,0.0355564952571221,0.025585882279282,0.0440763702870613,0.04075455907808082,0.0100415742418606,0.0716845539352326,0.9877399269713525,0.9788871855245996,0.9972092340383988,0.9852216748768472,4
resnet50,balanced_ce,24,0.02453211622113895,0.0139248430828755,0.0310595455662116,0.019490601231734274,0.013160270873984,0.0273736893399717,0.9939171476583621,0.9883009838593274,0.9959126139958896,0.9930213464696224,4
resnet50,balanced_ce,25,0.020232254345580052,0.0144350413257593,0.0297828616990351,0.02802022412144525,0.0153463759452786,0.0450963033611758,0.992632064847657,0.9859408070299734,0.9958930818063944,0.9917898193760263,4
resnet50,balanced_ce,26,0.013514117226449199,0.0113154766384286,0.0154800935145483,0.03686560759784457,0.0070428926076404,0.0532514719347933,0.990689417831338,0.9865612383718836,0.9972060312628028,0.9896004378762999,3
resnet50,balanced_ce,27,0.0116373753256227,0.0102878110791001,0.0138482289911928,0.0269455746881309,0.0210300934078915,0.0379551641774144,0.991651133603785,0.9887712161356615,0.9942356444514716,0.9901477832512317,3
resnet50,balanced_ce,28,0.012919916334603834,0.0040497857146374,0.020458347297706,0.014780769489729034,0.0077100834714895,0.0220821759677285,0.9956641658774951,0.9942356444514716,0.9970363355780022,0.9950738916256157,3
resnet50,balanced_ce,29,0.010441900776137152,0.0091174926629772,0.0117663088892971,0.014371717886279,0.0081884415569058,0.0205549942156522,0.997123909937206,0.9955555555555556,0.9986922643188564,0.9967159277504105,2
resnet50,balanced_ce,30,0.0068407002096479005,0.0042133175439146,0.0094680828753812,0.01593776385967965,0.0114340463812871,0.0204414813380722,0.994897945041646,0.9940753724802804,0.9957205176030116,0.9942528735632183,2
resnet50,balanced_ce,31,0.006879721601485001,0.0052735643010518,0.0084858789019182,0.015329082860668149,0.0111807836187171,0.0194773821026192,0.9957208378571372,0.9942356444514716,0.9972060312628028,0.9950738916256157,2
resnet50,balanced_ce,32,0.0049145684135186996,0.0045414625290373,0.0052876742980001,0.01026301614166715,0.0053779374051946,0.0151480948781397,0.997123909937206,0.9955555555555556,0.9986922643188564,0.9967159277504105,2
resnet50,balanced_ce,33,0.0056701463396198,0.0033484310256268,0.0079918616536128,0.01015694359332565,0.0068137084552272,0.0135001787314241,0.997123909937206,0.9955555555555556,0.9986922643188564,0.9967159277504105,2
resnet50,balanced_ce,34,0.0032344117830256,0.0030866644115771,0.0033821591544741,0.012023577327228651,0.0090795997732371,0.0149675548812202,0.997123909937206,0.9955555555555556,0.9986922643188564,0.9967159277504105,2
resnet50,focal_loss,1,1.2939933763614648,1.1716338967606557,1.5242366888820602,1.0759457253861702,1.043655827127654,1.1422643224985534,0.2924176404602923,0.2705562431628479,0.3116466592347562,0.44827586206896547,5
resnet50,focal_loss,2,1.0124512907323184,0.986617072835329,1.0305630848780667,0.8639693911831172,0.8125419235973327,0.9238068781462796,0.46691988097446246,0.4107350425833379,0.4891116094096343,0.5878489326765189,5
resnet50,focal_loss,3,0.7235223664110281,0.6734824273414478,0.8151462310437368,0.4980033082915057,0.4484985688049805,0.5899626082191718,0.7732134726515226,0.6747429016875328,0.8039217098408443,0.7773399014778326,5
resnet50,focal_loss,4,0.5214460816890367,0.4931585012818891,0.5834621558708969,0.4573111018523794,0.4320375938916637,0.4934068313373133,0.7655818176153053,0.7285298313073415,0.7917852055291339,0.7573070607553366,5
resnet50,focal_loss,5,0.46803447851187735,0.4468236710673267,0.486216245049542,0.40407014633047167,0.3559637762642846,0.4883967066437544,0.7924989667126956,0.7483297094639996,0.8271321692698393,0.7802955665024631,5
resnet50,focal_loss,6,0.43563271031962125,0.4267448452947848,0.4507704889313408,0.4205607169171664,0.3568199933651829,0.4861111934549115,0.7850264836192522,0.7529886960627983,0.8127454995822766,0.774055829228243,5
resnet50,focal_loss,7,0.40875521025255396,0.3937050917027076,0.4229843257914947,0.3753602177638726,0.3172716313395007,0.4132849250129486,0.8113564531851987,0.7512858345408142,0.8563377950194242,0.8022988505747126,5
resnet50,focal_loss,8,0.3876085157825993,0.364801592189943,0.4037404918607802,0.38157209322370333,0.314533278076911,0.4259283926295138,0.7975426921768728,0.7654076609106348,0.8425561448973166,0.787192118226601,5
resnet50,focal_loss,9,0.3743864540538385,0.3495690569203013,0.3956218717177848,0.37686861001799254,0.3052225385001923,0.4607989582522162,0.8033842051248039,0.7769643291913018,0.8274589516540711,0.7914614121510672,5
resnet50,focal_loss,10,0.35901242551359436,0.3525810051676678,0.3644972993011843,0.37288005089720677,0.3307631041224562,0.4151292178039676,0.8088323564398262,0.7816009037590878,0.8413124362168891,0.7973727422003284,5
resnet50,focal_loss,11,0.35720515239846307,0.3312555106536785,0.3780449071437487,0.34120630244120387,0.2724974724557403,0.3979815974807112,0.8242812232532799,0.7942031854279759,0.8465170763531477,0.8111658456486042,5
resnet50,focal_loss,12,0.34405429786244673,0.3390403421670984,0.3491191264300857,0.3353031208558231,0.2797151242179432,0.4074647802437467,0.8241925997728314,0.7980090873633203,0.861358884878005,0.8075533661740557,5
resnet50,focal_loss,13,0.33535148317344576,0.3158476486147393,0.3518533171375522,0.32106905594247903,0.2623031343928307,0.3961914433242848,0.8394555109413272,0.7865900900402691,0.8644879473503182,0.8249589490968802,5
resnet50,focal_loss,14,0.32042166808158523,0.3090616350747998,0.3280639988257302,0.3531902189423102,0.2153393095741522,0.4432801932145417,0.8277261191044889,0.7697684536142625,0.8782195809874552,0.8157635467980295,5
resnet50,focal_loss,15,0.31202669587097603,0.2938698191477251,0.3297370392534561,0.32567422947860114,0.2340459335222228,0.3943185965807371,0.8414137333098836,0.810497550991924,0.8965952753389578,0.8275862068965518,5
resnet50,focal_loss,16,0.3043749044083962,0.2876975381102,0.3226890550975431,0.33380578159307217,0.3024070061290597,0.3621953015256985,0.836653969383282,0.8162367727563213,0.8552192439634915,0.8213464696223317,5
resnet50,focal_loss,17,0.30052377034783995,0.2907443139433651,0.309389033478886,0.30716393769081,0.2325675642157618,0.3917819499382244,0.8534065610180251,0.8054122652637005,0.8827452893720571,0.8400656814449917,5
resnet50,focal_loss,18,0.29226879060058897,0.2848103732394418,0.3057209197896646,0.2992211367255948,0.2600514494335318,0.3468242482647716,0.8583629580627476,0.8363051367329845,0.8865265351118794,0.8443349753694582,5
resnet50,focal_loss,19,0.28600629418878853,0.2769642646471938,0.308938510032446,0.29261743598579376,0.2684847408131817,0.3238922283175739,0.8563244655766494,0.8338134193117281,0.8799444850013809,0.8426929392446635,5
resnet50,focal_loss,20,0.28882062058823804,0.2840594054106459,0.2917365571526525,0.2910431473652032,0.2392387154018154,0.348063422051948,0.8651577777174935,0.8390478612797176,0.8885939254943368,0.8493431855500821,4
resnet50,focal_loss,21,0.2732764519764166,0.2648193559034847,0.2865303169863923,0.3142212399072052,0.2526506035785957,0.3742725503659992,0.8474253153536662,0.8179373772505154,0.8667205765879931,0.8312807881773399,4
resnet50,focal_loss,22,0.27753480536918856,0.2696875656950034,0.2897703123846875,0.33485408346298684,0.3091453323614813,0.396485813341313,0.838159525385394,0.8067355801513143,0.8613979647102394,0.8234811165845648,4
resnet50,focal_loss,23,0.2675403917237776,0.2529794552780832,0.2819695224242386,0.2876212150714863,0.2703772109913317,0.3165221800553583,0.8663859942926224,0.8522402554616691,0.8744386069335873,0.8513957307060755,4
resnet50,focal_loss,24,0.274843684299759,0.2566803119513607,0.2932591996995343,0.27911882237880425,0.2333719783473289,0.3302001283673817,0.8654527344463868,0.8386349689373322,0.8798365079392897,0.8511220580186097,3
resnet50,focal_loss,25,0.2649618186724416,0.2639947370192288,0.2665496177644009,0.2899123183449044,0.2609200528494047,0.3325103816923445,0.8609124049084772,0.8460680619117478,0.8846684156400377,0.8472906403940886,3
resnet50,focal_loss,26,0.2712530140874675,0.2631680838672054,0.2793379443077295,0.27681251437891097,0.2416054187051964,0.3120196100526255,0.8715292379891646,0.8542229753564647,0.8888355006218644,0.8579638752052545,2
resnet50,focal_loss,27,0.2600804239459113,0.2600804239459113,0.2600804239459113,0.3064574096198935,0.3064574096198935,0.3064574096198935,0.8471399429486662,0.8471399429486662,0.8471399429486662,0.8275862068965517,1
resnet50,focal_loss,28,0.2563439559643214,0.2563439559643214,0.2563439559643214,0.2830120637303307,0.2830120637303307,0.2830120637303307,0.860311652383319,0.860311652383319,0.860311652383319,0.8390804597701149,1
resnet50,focal_loss,29,0.2661465395733007,0.2661465395733007,0.2661465395733007,0.2607534425501361,0.2607534425501361,0.2607534425501361,0.8687771261284125,0.8687771261284125,0.8687771261284125,0.8489326765188834,1
resnet50,focal_loss,30,0.2569424251156658,0.2569424251156658,0.2569424251156658,0.2753183663576499,0.2753183663576499,0.2753183663576499,0.8601578287450325,0.8601578287450325,0.8601578287450325,0.8423645320197044,1
resnet50,focal_loss,31,0.2586261877380901,0.2586261877380901,0.2586261877380901,0.2799999855324161,0.2799999855324161,0.2799999855324161,0.8710688962338464,0.8710688962338464,0.8710688962338464,0.8505747126436781,1
resnet50,focal_loss,32,0.2817767666178135,0.2817767666178135,0.2817767666178135,0.293115072453942,0.293115072453942,0.293115072453942,0.8569795159576891,0.8569795159576891,0.8569795159576891,0.8374384236453202,1
resnet50,focal_loss,33,0.2501550431620257,0.2501550431620257,0.2501550431620257,0.2201734964287731,0.2201734964287731,0.2201734964287731,0.8954708862232554,0.8954708862232554,0.8954708862232554,0.8784893267651889,1
resnet50,focal_loss,34,0.2598741704391109,0.2598741704391109,0.2598741704391109,0.2416239133707212,0.2416239133707212,0.2416239133707212,0.8857740713484508,0.8857740713484508,0.8857740713484508,0.8686371100164204,1
resnet50,standard_ce,1,0.9655279441583765,0.9428049894963082,0.995453734389508,0.8081284341455877,0.4710900245237429,0.970815663267239,0.6729388974583603,0.4874952014911738,0.8212706375015979,0.7004926108374384,5
resnet50,standard_ce,2,0.6885096065524592,0.6191103768474397,0.7302715059742986,0.4591521319326118,0.4396339885902718,0.5007271715768649,0.846337487744764,0.8361169613367355,0.8631168581706423,0.8325123152709359,5
resnet50,standard_ce,3,0.5327989144987297,0.5051352243588972,0.5695421247417353,0.46754722066089044,0.3998494202084534,0.5210348884460374,0.8354079471630996,0.8068266786103988,0.8728508006025932,0.819704433497537,5
resnet50,standard_ce,4,0.4246845169687522,0.3828982775366369,0.5067916942606492,0.37488075606331867,0.2413864859519086,0.512087805860344,0.8709179330818536,0.8251002126194795,0.9175704178705352,0.8637110016420362,5
resnet50,standard_ce,5,0.35666227165262604,0.3280263858017477,0.3821604501750641,0.2866832756976427,0.153727387364079,0.4219071466249394,0.8764966035502821,0.789227983575395,0.9577321832412105,0.8922824302134647,5
resnet50,standard_ce,6,0.2922117289979344,0.2552919312552115,0.3666502796283715,0.3154187835250659,0.1674201906657179,0.4664561124564391,0.8933286286877022,0.8217296671077862,0.9494411357584902,0.8949096880131362,5
resnet50,standard_ce,7,0.24768475339150542,0.206964468103236,0.2800387019798919,0.2019914662563517,0.0887411077474725,0.4932161161114235,0.9307671752889736,0.8341346841346841,0.9715937783032084,0.9300492610837438,5
resnet50,standard_ce,8,0.20160940173083688,0.1838201795500066,0.220000681326592,0.3284606751764104,0.0722576647305674,0.7783019376310026,0.8988562958582567,0.7854655078959024,0.9840993121123536,0.8893267651888342,5
resnet50,standard_ce,9,0.1853273792242752,0.1672884056380637,0.2217908165000235,0.3486382920790482,0.064005346617039,1.1633197885428743,0.9078902511880198,0.7476780112396524,0.973598289649666,0.9103448275862069,5
resnet50,standard_ce,10,0.18141405829298837,0.1545988875825894,0.2164149547607911,0.13365102613647578,0.0620538670392263,0.2548627965702799,0.9535838785302779,0.8950235633931285,0.980760551060794,0.9556650246305418,5
resnet50,standard_ce,11,0.15949266386190541,0.1353149670236768,0.1906595332430175,0.14849122667514347,0.0600899591099941,0.2129833115505059,0.9527252619937672,0.9268593941650533,0.9813824519706872,0.948111658456486,5
resnet50,standard_ce,12,0.13492174517671018,0.1047303025373413,0.1602027865346056,0.18611144361162457,0.0431773250093698,0.6398931467249108,0.9397435139795676,0.787446666078914,0.9892341060089336,0.9461412151067323,5
resnet50,standard_ce,13,0.13000483911733265,0.0977533675474892,0.1472490524143137,0.06108207453354284,0.031804393281111,0.0829892838476647,0.9817386208817119,0.9730047715211168,0.9905055793113844,0.9793103448275863,5
resnet50,standard_ce,14,0.10916507043805368,0.0729825060195919,0.1413087927368068,0.6025503866147778,0.069159054616772,1.8389222578853608,0.871762594211061,0.619304254106403,0.982501777444707,0.8607553366174056,5
resnet50,standard_ce,15,0.08451882848810723,0.0632387224755042,0.1095341726127678,0.07289720542772579,0.0291703431844124,0.1893154136054548,0.9785789937853566,0.939518819808278,0.9970330056179776,0.9756978653530378,5
resnet50,standard_ce,16,0.08714044334307988,0.0643909129140626,0.1081505207917759,0.14983494342993048,0.0822884718679527,0.2776661227860664,0.9540058195994675,0.9303754812175272,0.9729933499381066,0.9500821018062398,5
resnet50,standard_ce,17,0.08643601245271378,0.0573034462975649,0.1071027659829084,0.07701819792314546,0.0210958250365502,0.1176681535342197,0.9762860590873604,0.9636613756613756,0.9932633919198806,0.9727422003284072,5
resnet50,standard_ce,18,0.0660495103144877,0.0555892414615942,0.0823824592190017,0.04498492586968366,0.0231376586203602,0.0639505565261287,0.987577451775449,0.9819155629508404,0.9944204231349588,0.9865353037766831,5
resnet50,standard_ce,19,0.058762416026386356,0.044342729048918,0.0763729937772327,0.03789339645660284,0.0183612785779233,0.0631012352801284,0.9876512927737131,0.9808713635938208,0.9957205176030116,0.987848932676519,5
resnet50,standard_ce,20,0.06398155081900969,0.0563476169319833,0.0765159446516963,0.07302986774791435,0.0191011787549426,0.1148963421522005,0.9773761202310863,0.9610792133686792,0.9959003656594678,0.9763546798029556,5
resnet50,standard_ce,21,0.03762258477691516,0.024649268683285,0.0490045482790349,0.25777104795062245,0.0218706015007698,0.8433915926990357,0.9276793003424034,0.7896825461872076,0.9919465402242218,0.9241379310344827,5
resnet50,standard_ce,22,0.03729053778686806,0.0275027444451124,0.0417338759995185,0.06884833784320202,0.0117385563272784,0.2216773973544438,0.9723959333667063,0.9051011023805684,0.9959460448729482,0.9773399014778323,5
resnet50,standard_ce,23,0.0339599137301622,0.0208477364512576,0.0424409366753124,0.05357077673721574,0.0142286262785502,0.1129883719036242,0.9804037828550232,0.9557870729694375,0.9932146700871104,0.980952380952381,5
resnet50,standard_ce,24,0.0235494378587356,0.0180725796717368,0.0287745088934738,0.029004612043958898,0.0141098266502696,0.0421846833812834,0.9905013718044884,0.9869742326638878,0.9955555555555556,0.9889162561576355,4
resnet50,standard_ce,25,0.015074642515690925,0.0115074339537571,0.0230229316257246,0.0112373717197767,0.0063238730289964,0.0248957547932813,0.9975481175847617,0.9944646242311904,0.9986922643188564,0.9971264367816091,4
resnet50,standard_ce,26,0.015953386746015874,0.0097429627221182,0.0227383949810038,0.0243126395301378,0.0078890813751221,0.0345914139546058,0.9925275300051292,0.9886070470761202,0.9970363355780022,0.9913793103448276,4
resnet50,standard_ce,27,0.008909020761599926,0.0074393117040074,0.0117092389355189,0.007923585547172375,0.0037453155009867,0.0114693700439432,0.9986047387486854,0.9973833732057416,1.0,0.9983579638752051,4
resnet50,standard_ce,28,0.0098794944812724,0.0068394487675934,0.0145684968760038,0.0110062716755867,0.0046037190810695,0.0199232874123233,0.9968336893801673,0.9942356444514716,1.0,0.9963054187192117,4
resnet50,standard_ce,29,0.008386158346216525,0.00484995404754,0.0102369072295681,0.0107250350114622,0.0079247013839737,0.0161144586974778,0.996049632223822,0.9942356444514716,0.9972060312628028,0.9954844006568144,4
resnet50,standard_ce,30,0.0077006426498926,0.005194795968866,0.0134746740902577,0.007290647251258475,0.0042069850146177,0.0107490521317506,0.9981890248480029,0.9957205176030116,1.0,0.9979474548440065,4
resnet50,standard_ce,31,0.00530049020998225,0.0033222282530275,0.0068177365998983,0.004495292270129525,0.0034280794757542,0.0069667411637312,0.9989319615269641,0.9985177908945,1.0,0.9987684729064039,4
resnet50,standard_ce,32,0.004685791654230975,0.0035094408203775,0.0062183001077437,0.0065836385678633,0.002963043707875,0.0089432450328408,0.9978186610188784,0.9957205176030116,1.0,0.9975369458128078,4
resnet50,standard_ce,33,0.004759226768476475,0.0032982755315161,0.0060751052960982,0.006104427105244,0.003666807896457,0.0075598282123799,0.9985614092505891,0.9985177908945,0.9986922643188564,0.9983579638752051,4
resnet50,standard_ce,34,0.004530135477461025,0.0031760491457957,0.0069925607106034,0.007243741591942075,0.0046265112502858,0.009976770803762,0.9981476155126261,0.9970363355780022,1.0,0.9979474548440065,4
swin_tiny,balanced_ce,1,0.7911924101849641,0.7738322177545048,0.8149000524846028,0.8023101395329426,0.5987084667475157,1.0672991350170815,0.678690713432692,0.574479092905708,0.8044608827815917,0.6912972085385879,5
swin_tiny,balanced_ce,2,0.5948666940202613,0.582502743318965,0.6140306055755314,0.5810115990380348,0.4538273619509291,0.6908671746308777,0.7473465732512886,0.6710839805379647,0.8220487234117447,0.7362889983579639,5
swin_tiny,balanced_ce,3,0.4535198998262676,0.4300578479817127,0.4753132676826839,0.47047598753950276,0.4160445533166769,0.5909933206336252,0.797372748942076,0.7142853745044326,0.8427877091111665,0.7996715927750411,5
swin_tiny,balanced_ce,4,0.3654573960212077,0.3422641316909991,0.4044419907308421,0.3999189607419795,0.2806620104559537,0.534876452878191,0.8289536826451543,0.7289230405874052,0.9137259916163044,0.8243021346469621,5
swin_tiny,balanced_ce,5,0.33772209700046396,0.3226946861127977,0.35445735129824,0.31239771395172367,0.2770230754451407,0.3780278916820908,0.8823376399844935,0.8401286137731553,0.906578353564923,0.8663382594417077,5
swin_tiny,balanced_ce,6,0.31929344308397256,0.3066393225599466,0.3375098981369149,0.3494982901660875,0.2902675728101057,0.4233749602815788,0.866479868640227,0.8297811855257983,0.9121922520892234,0.8541871921182267,5
swin_tiny,balanced_ce,7,0.28425254071010225,0.2595892757753496,0.3319608411596194,0.2739441060349467,0.1968554420815704,0.3168363758104384,0.9072411906518388,0.8800514654926421,0.9460494739292188,0.8975369458128079,5
swin_tiny,balanced_ce,8,0.2708834554231439,0.2371293465313886,0.2883021085459235,0.30460396886654867,0.2280606958764331,0.467287589372281,0.890416929103024,0.8168699154106593,0.930272294823789,0.8761904761904763,5
swin_tiny,balanced_ce,9,0.26068314750867067,0.2233046317142426,0.3370630364321657,0.2992006021571668,0.1555896968089888,0.4747344091020781,0.8843365781830522,0.8002573754210509,0.951442273624758,0.8830870279146141,5
swin_tiny,balanced_ce,10,0.23017889003971548,0.2149391180496852,0.2584143585239018,0.2271954419626586,0.2049877814495896,0.2761547480433053,0.9144576572216708,0.8958432626174562,0.929495923665246,0.9077175697865352,5
swin_tiny,balanced_ce,11,0.2286332081514942,0.1882775740223316,0.2499712991117383,0.24574819134520776,0.1899458485455152,0.3029091945422694,0.903960782593467,0.8813778229577068,0.9271984076194508,0.9004926108374385,5
swin_tiny,balanced_ce,12,0.2035843326054474,0.1559347332519051,0.245467651209848,0.22242934638741368,0.1669387250698258,0.316076792519668,0.9250018713118333,0.8834246055833059,0.9500598163646876,0.9182266009852217,5
swin_tiny,balanced_ce,13,0.19420092620963786,0.1697140748555295,0.20488992320318,0.19502991600870495,0.1273203340461492,0.2998303091780501,0.9273463200094121,0.8881237785369882,0.9578317243640984,0.9205254515599343,5
swin_tiny,balanced_ce,14,0.1738970567131503,0.1154973262668913,0.248609049777993,0.2007938067699447,0.1296552370206035,0.3051246978183489,0.9302289330054689,0.8992826808009289,0.946223234721517,0.922167487684729,5
swin_tiny,balanced_ce,15,0.16512651425725752,0.1342850678912994,0.1994743382522217,0.1501778077280641,0.1171875197856346,0.1783116218100236,0.9502659093284814,0.9386343721704588,0.9583806226816431,0.9441707717569786,5
swin_tiny,balanced_ce,16,0.15294044347489755,0.118764614212361,0.2077925347826183,0.12709983785824816,0.0947302355261271,0.1815064995746894,0.9548244642698155,0.9384280661635834,0.9677980220713244,0.9517241379310345,5
swin_tiny,balanced_ce,17,0.13757959637247505,0.1147005611320266,0.1707497860509607,0.13396196954062417,0.0845271086041954,0.1939189771957976,0.9555473826280986,0.9277771382046144,0.9760573145989812,0.9500821018062398,5
swin_tiny,balanced_ce,18,0.13963062450090039,0.1131499372226282,0.159480198751644,0.12650464990700794,0.0863936955999271,0.1832683891400523,0.9527773351683967,0.9305398916873406,0.9759265117372236,0.9500821018062398,5
swin_tiny,balanced_ce,19,0.11335820545604439,0.0821241490909525,0.1454492737727341,0.1157821093066572,0.0657625427754054,0.1888935947408425,0.9532125469004151,0.9258193353021406,0.9770372754931868,0.9530377668308703,5
swin_tiny,balanced_ce,20,0.1071589583285506,0.0854158249924283,0.1569579703291397,0.10006784381832745,0.0678854954470261,0.123325547402226,0.97132523358341,0.959852848718638,0.9799568435584688,0.9665024630541872,5
swin_tiny,balanced_ce,21,0.0961565817594004,0.063719636319706,0.1115965476786629,0.10991736675439816,0.0794733213796012,0.1362877733797471,0.9605066614813131,0.9496130824256082,0.9795065843102476,0.9566502463054187,5
swin_tiny,balanced_ce,22,0.10127491520003287,0.0788745271183979,0.1247546875728245,0.12368740946335839,0.0850027635791423,0.1527400884306294,0.9579930707533062,0.9494394268792756,0.9699724969200546,0.9510673234811167,5
swin_tiny,balanced_ce,23,0.08618169015952704,0.0697505309300493,0.1118155665590913,0.083311652000657,0.0659480430124624,0.0981282674277748,0.9703760736507002,0.9631955943928734,0.9756586356324431,0.9678160919540231,5
swin_tiny,balanced_ce,24,0.0736583459902037,0.0597239370452917,0.090243979457026,0.09929116951677892,0.0542625119276528,0.1898543615634316,0.9664375179457295,0.941831989628203,0.9848573131079348,0.9632183908045977,5
swin_tiny,balanced_ce,25,0.0730187764249722,0.0525058054516619,0.1012485435825031,0.08006741631996309,0.0533080816281155,0.1084294286610066,0.9734827830055635,0.9632359424701488,0.9836269905877564,0.9707717569786535,5
swin_tiny,balanced_ce,26,0.07214673419805445,0.0532393995751029,0.0969030011677705,0.08586595994283668,0.0453544209247886,0.1323373055550818,0.9729140815240644,0.9568735402068737,0.9849556219936054,0.9683908045977011,4
swin_tiny,balanced_ce,27,0.060749596270678524,0.0359774054548586,0.0855443720173856,0.07055419942628652,0.0475491127289819,0.1008206702637285,0.9814049566949323,0.9731591710758376,0.9867489826723956,0.977832512315271,4
swin_tiny,balanced_ce,28,0.05596531081491725,0.0376708901781909,0.07288064376528,0.0799313897493697,0.0426118463034663,0.125473306372101,0.9732419427583503,0.9633489359985252,0.984657345536308,0.9704433497536946,4
swin_tiny,balanced_ce,29,0.05492309029518927,0.0387057574993729,0.0747685326620124,0.0638649064473263,0.0509013535916707,0.077617737765872,0.9807564345607905,0.976675237808162,0.9840732500284644,0.9782430213464697,4
swin_tiny,balanced_ce,30,0.05404989043486372,0.0373180608481974,0.0817210658343741,0.0586658862533356,0.0480429896188682,0.0757485613752957,0.9842264452091705,0.9806446578117444,0.9880171100260342,0.9815270935960592,4
swin_tiny,balanced_ce,31,0.0496351074507056,0.0331834400363629,0.0675004547596082,0.05708070177384548,0.043607131784479,0.0714250166972331,0.9846145625446996,0.9819498363886552,0.9865424430641824,0.9819376026272578,4
swin_tiny,balanced_ce,32,0.04651874545941152,0.0316642660303908,0.0611484919470098,0.0559664069833952,0.0460322886225209,0.0702965061787411,0.9842464011455624,0.9792079856200092,0.9877378419876688,0.9815270935960592,4
swin_tiny,balanced_ce,33,0.04727321213237307,0.0318630905622233,0.0675954472918475,0.0553360192761993,0.0437632663212166,0.0700056635559045,0.9846738764773262,0.9792079856200092,0.9877378419876688,0.9819376026272578,4
swin_tiny,balanced_ce,34,0.04880185642243645,0.0341271021623267,0.0725584533462847,0.05536710566188065,0.0438882429259775,0.0700184294039441,0.9853715666543137,0.9792079856200092,0.989227719415432,0.9827586206896552,4
swin_tiny,focal_loss,1,0.4193832477262024,0.3943763424621106,0.4600741834967333,0.27693348392868666,0.2447977271573297,0.296136536817441,0.585035397673669,0.5362336066109651,0.6252693785593904,0.6088669950738916,5
swin_tiny,focal_loss,2,0.23736763265514202,0.2298996335121366,0.2454318406921279,0.21110819176891554,0.1981916422718655,0.2283695447816833,0.7106110104503197,0.6692520869458104,0.7455136007443657,0.7021346469622332,5
swin_tiny,focal_loss,3,0.1912251286169347,0.1835610719682462,0.1988261628025236,0.18963808863621034,0.1691955665649451,0.2142862978044206,0.7440843544525745,0.7038592447933198,0.7756992942837823,0.7323481116584565,5
swin_tiny,focal_loss,4,0.17171092657716075,0.1680552708034146,0.1757125771737056,0.15656431167583743,0.1418871950046182,0.1732835521055951,0.7858768464810535,0.7604433130924797,0.8099259165913021,0.7753694581280788,5
swin_tiny,focal_loss,5,0.15698198543465408,0.1506593982985338,0.1662021149755152,0.15370058133488607,0.1385041415593502,0.1733731562868127,0.8053461656458086,0.7715816551374579,0.8204959466889009,0.7904761904761906,5
swin_tiny,focal_loss,6,0.1473451939942757,0.1390461550367528,0.1535726979034437,0.16072198507821028,0.1334078460687095,0.2046396538541822,0.7992625013832286,0.7829658888504466,0.8243529251986088,0.7848932676518883,5
swin_tiny,focal_loss,7,0.13966127576276996,0.1379053313697578,0.1422040918799402,0.13039533270795162,0.1134727189106307,0.1401922384212757,0.8214454238083782,0.8064590387594107,0.8381221264546925,0.8091954022988507,5
swin_tiny,focal_loss,8,0.13247731854448416,0.1273282154870787,0.1364737316835115,0.13933242050493486,0.1197355431191048,0.1644006861352372,0.8191146208134569,0.8002598533823704,0.8433155180009412,0.806568144499179,5
swin_tiny,focal_loss,9,0.12572305593790192,0.124259244545849,0.1276693511708445,0.12841859681559312,0.1124017288042798,0.1475103952125179,0.8342028377323685,0.8148855174286393,0.8439472775753741,0.8236453201970443,5
swin_tiny,focal_loss,10,0.12111239220246486,0.1179524640312094,0.123852328314513,0.12447666909502834,0.1048394200347718,0.1536919766263225,0.8375615867765027,0.8233308123652328,0.8553863262921702,0.825615763546798,5
swin_tiny,focal_loss,11,0.11443458075315963,0.1093351877898449,0.1190904724498415,0.12757465092615144,0.102737302165509,0.1490463616421265,0.830201296559944,0.8147405621957757,0.8495700717795669,0.8206896551724139,5
swin_tiny,focal_loss,12,0.1129149287457206,0.1102703216965253,0.1166597280147205,0.11673081596496653,0.1037206531843332,0.1318495674869305,0.840496844656261,0.8212878588172179,0.8504655340447096,0.8282430213464697,5
swin_tiny,focal_loss,13,0.10449403090772388,0.1017092356363373,0.1078747745505116,0.11777744858918708,0.1013099010942017,0.133017248708039,0.8407326726216645,0.8232790187678061,0.8605389852520597,0.8288998357963875,5
swin_tiny,focal_loss,14,0.10373812245044638,0.1011548266050476,0.1057851483616552,0.11440336286825885,0.1050593214375632,0.1277638745718989,0.838471748388797,0.808819357721435,0.8506586179191498,0.8282430213464697,5
swin_tiny,focal_loss,15,0.09957291799422302,0.0960109756182493,0.1039482658352499,0.11756237863711334,0.0964233457846398,0.136284619227223,0.8470100312629167,0.8319162628190806,0.8627509071700886,0.8361247947454844,5
swin_tiny,focal_loss,16,0.09580337143923776,0.0889028560062493,0.0991502949519505,0.11853630675373013,0.0941609350233438,0.1595243052357719,0.8417613654991811,0.8100342046516772,0.8562931182854725,0.8308702791461412,5
swin_tiny,focal_loss,17,0.0945210576366456,0.0905368694600195,0.1006049525915843,0.10926056822336754,0.099977007102105,0.1287967167268637,0.8475158360861268,0.8154886782003575,0.8692442660801764,0.8341543513957307,5
swin_tiny,focal_loss,18,0.09192588763517731,0.0883356351215516,0.0956824368327489,0.11473277652351724,0.1038922417560234,0.1381097858762506,0.8492582987290141,0.8336065247521851,0.8602907530343165,0.8367816091954022,5
swin_tiny,focal_loss,19,0.08807973740795894,0.0860644468261822,0.0899351047689131,0.11099694055583084,0.0956178107138337,0.1232656694104518,0.8590091418216833,0.8571669974950042,0.8629302312372975,0.8433497536945813,5
swin_tiny,focal_loss,20,0.08716127244497011,0.0849122222336189,0.090962730177886,0.11350123320992159,0.0927756727475838,0.1347011700150218,0.8452754238467104,0.836153186966545,0.8531382033361172,0.832183908045977,5
swin_tiny,focal_loss,21,0.08524047588186437,0.0833179195390225,0.0888349642129271,0.11673779837995127,0.1021401482849872,0.1305295721503901,0.8509711753536431,0.8345424084734279,0.8641972878390201,0.8380952380952381,5
swin_tiny,focal_loss,22,0.08299628209407797,0.0788711646895836,0.0863912505587081,0.10735312211273726,0.097346056662561,0.1139378737542038,0.8599948175497946,0.8513614955200905,0.8745701623705706,0.8444170771756978,4
swin_tiny,focal_loss,23,0.08381860612871968,0.082061169186512,0.0859507830689132,0.09561279561670342,0.0905653005603499,0.1065439588966823,0.8608730579997723,0.8492727375861396,0.8697733093464712,0.8464696223316912,4
swin_tiny,focal_loss,24,0.08029419113153517,0.0764932734109395,0.0848509222661883,0.10972022083213268,0.0995790720083834,0.1217426206726941,0.8550467558684531,0.839394062308465,0.861026628661441,0.8423645320197044,4
swin_tiny,focal_loss,25,0.07868007945571165,0.0765500683409468,0.0819900115012389,0.09787564766891477,0.0886045687500087,0.1103638079512882,0.8633844193123379,0.8529961171171272,0.8775788151658662,0.8505747126436781,4
swin_tiny,focal_loss,26,0.07799151191563194,0.0741408592682521,0.0839197607524365,0.1041955727050065,0.0949634742022343,0.1088149635417903,0.8590812043799746,0.8503702655998233,0.8712142480614555,0.8464696223316912,4
swin_tiny,focal_loss,27,0.07657041323546362,0.0702416274925736,0.0791735459191099,0.1084422895253585,0.1048895805731587,0.1161889304423762,0.8598766359580738,0.8488378176993385,0.8690825249420013,0.8472906403940886,4
swin_tiny,focal_loss,28,0.07667344042618862,0.0733257233598948,0.0798933902464034,0.1031372621594293,0.0934173871681999,0.1105899698237088,0.8646946145125498,0.8556255962907671,0.8750277710959501,0.8513957307060755,4
swin_tiny,focal_loss,29,0.07490591993244435,0.0701945329225754,0.0774029881573938,0.10579453827125095,0.0946912388936639,0.1104906287980197,0.8604953863624257,0.8496150423139811,0.8756577521495121,0.8456486042692939,4
swin_tiny,focal_loss,30,0.0736192626480338,0.0717435707631136,0.0764753341962876,0.10311784742876161,0.1004038101860455,0.1060586262659486,0.8683188090521963,0.8654800040441272,0.8734257770589271,0.8555008210180622,3
swin_tiny,focal_loss,31,0.07572292089735073,0.072261117354546,0.0799403904899562,0.10213452120850368,0.0983347655419254,0.1056840028766732,0.8636287430029871,0.8568026002170006,0.8720977958518237,0.8505747126436781,3
swin_tiny,focal_loss,32,0.07336699065665575,0.0706651199052539,0.0760688614080576,0.10003172883944361,0.0965743201902543,0.1034891374886329,0.8631703592912054,0.8543250521597942,0.8720156664226167,0.8489326765188834,2
swin_tiny,focal_loss,33,0.0737503412839267,0.0729558712594957,0.0745448113083577,0.0996706561783362,0.0960846557381313,0.1032566566185411,0.8637762487334143,0.8543250521597942,0.8732274453070344,0.8497536945812807,2
swin_tiny,focal_loss,34,0.0683173075658343,0.0683173075658343,0.0683173075658343,0.1032360268294909,0.1032360268294909,0.1032360268294909,0.8543250521597942,0.8543250521597942,0.8543250521597942,0.8423645320197044,1
swin_tiny,standard_ce,1,0.8284243990541134,0.8135165934822471,0.8479046486593089,0.6635289223910552,0.6062725604265585,0.7402437770699437,0.7067703934812553,0.6439653163539172,0.7638270568073302,0.7031198686371101,5
swin_tiny,standard_ce,2,0.6448883147315108,0.6292312480653317,0.6564809020667587,0.572451483361631,0.4261682053113414,0.8015016123579053,0.766259927185846,0.6636514455492797,0.8444229538433823,0.7602627257799671,5
swin_tiny,standard_ce,3,0.5084021021779266,0.482785122214386,0.5281702753424854,0.4794301006007077,0.4188989173798334,0.6441581957837436,0.7977721205646591,0.710735589991404,0.8477405663261143,0.7852216748768474,5
swin_tiny,standard_ce,4,0.42605318383403734,0.4125625954361498,0.4383098271693412,0.37342714292466733,0.3126661598878149,0.4234005755000122,0.8453956557021183,0.8007043270031545,0.890061122139809,0.8334975369458129,5
swin_tiny,standard_ce,5,0.38345686949619295,0.3572266060145332,0.4040747515346547,0.32739433803777584,0.2602217132822046,0.3899444426809038,0.8884979679486703,0.8469981422952491,0.9304430964461264,0.8821018062397373,5
swin_tiny,standard_ce,6,0.3479400050388698,0.3340226821195471,0.363353903840422,0.3873493497301205,0.2735843907044634,0.5650477487661177,0.8477585041619718,0.7726390608706986,0.9033026363769646,0.8417077175697866,5
swin_tiny,standard_ce,7,0.3252831171120407,0.2982351089613299,0.3693883935261275,0.28688104814300786,0.198855503635062,0.3837805702572777,0.8974609335633048,0.8510471478955207,0.9353455469678972,0.8896551724137931,5
swin_tiny,standard_ce,8,0.28688864241480194,0.2562989004414613,0.3179050958219437,0.2754089175651617,0.1294793635362083,0.4441068980885648,0.8970444178107,0.8246133584995519,0.958900351180554,0.890311986863711,5
swin_tiny,standard_ce,9,0.2610240910468076,0.2082909313100922,0.3238486697625611,0.269784427119789,0.2077376626199493,0.3215020301894014,0.9030125759728271,0.8770165396190787,0.9231662668634972,0.8965517241379312,5
swin_tiny,standard_ce,10,0.26155706451652544,0.2167984484342992,0.3165823888380624,0.2026700153726662,0.102823752341012,0.3459385177380542,0.9312375040348805,0.9032056713551376,0.9724186847225402,0.9274220032840723,5
swin_tiny,standard_ce,11,0.2401131979691647,0.200895195580063,0.2704599811710247,0.2242724352135447,0.1566031946875583,0.2658358000475785,0.9188790079068736,0.8991326569874821,0.9472979000702804,0.9146141215106732,5
swin_tiny,standard_ce,12,0.21394357506912492,0.1697256576354977,0.2554591511066852,0.19251155145894516,0.1632780070326402,0.2086825548795056,0.9308935334037152,0.9166468882198584,0.946517009891173,0.9300492610837438,5
swin_tiny,standard_ce,13,0.2214026454368668,0.1766385040718976,0.3056144590641786,0.23780341028604407,0.1233618195934836,0.4271889874109102,0.9044428799502157,0.8187508868109482,0.9605717261851324,0.9044334975369459,5
swin_tiny,standard_ce,14,0.21598323866148822,0.1319217949490241,0.3001149230242194,0.17130584407518254,0.1091063138593006,0.270222244738358,0.9376783002367844,0.9186206390531346,0.9504791646709456,0.9323481116584565,5
swin_tiny,standard_ce,15,0.19231346946949487,0.1495410587920141,0.2336750644529222,0.18638817198079055,0.1218853265487501,0.2511940222242709,0.9287438936638726,0.905926906747643,0.9678516053785452,0.928407224958949,5
swin_tiny,standard_ce,16,0.16754968095394027,0.1191398993350552,0.2131717407012027,0.1321210110789449,0.0936197477265923,0.1836124133985422,0.950337318836295,0.9351786130536128,0.9703791390232251,0.949096880131363,5
swin_tiny,standard_ce,17,0.14549854506193435,0.107135339573628,0.1746246195530849,0.12996628536721946,0.1007594439967218,0.1701156266694292,0.9547060912711076,0.9370877862400642,0.9742784188326372,0.9500821018062396,5
swin_tiny,standard_ce,18,0.1276546460954449,0.0886442572493859,0.169670649145211,0.15490465258807856,0.0864245084914178,0.3288771816336646,0.9499384080722104,0.8818040850218507,0.9770948670655027,0.9435139573070608,5
swin_tiny,standard_ce,19,0.12311292515239416,0.0844369473083105,0.1459654835810613,0.11640364893135566,0.0612562901244081,0.1936556827429871,0.9594362683885083,0.9161222229023048,0.98512955229498,0.9582922824302134,5
swin_tiny,standard_ce,20,0.10769905436443579,0.0710407357489418,0.138068104170014,0.11471367838298545,0.0829402943966032,0.1633972676321007,0.9615210493798545,0.9376101904235622,0.9751233105569748,0.9576354679802955,5
swin_tiny,standard_ce,21,0.10441224748645177,0.0658533349855817,0.1407429176168303,0.10498959353302215,0.0641799075054907,0.1748731152471063,0.9623987655100915,0.9346252660353932,0.975535692809152,0.9592775041050903,5
swin_tiny,standard_ce,22,0.09896248172313916,0.0737585673285468,0.1274933971163468,0.0871180625883969,0.0590959494938838,0.1102938604570178,0.9727826343620591,0.9616545648745676,0.9840163106600012,0.9688013136289,5
swin_tiny,standard_ce,23,0.085517458504128,0.0734459560693475,0.1105034845588182,0.08307728341035846,0.0698165855231298,0.0899206551957159,0.9727594949055509,0.9610926026585752,0.9807242153129758,0.9697865353037768,5
swin_tiny,standard_ce,24,0.07776601034761624,0.0592271131320949,0.1043694258521856,0.08846838902467964,0.0650575034846421,0.1040709200506335,0.9733838853301531,0.9635957040448634,0.9868782215972092,0.9688013136289,5
swin_tiny,standard_ce,25,0.06751928104032055,0.0464545361006956,0.087446047270078,0.0785331833206135,0.0512123977695094,0.1215158711923118,0.9710444476590032,0.949546959354184,0.982281210612991,0.9688013136289,5
swin_tiny,standard_ce,26,0.06517601395461228,0.0399243299445049,0.0881876488191669,0.0724328706521167,0.057876462575617,0.0866102376740199,0.9782478249597402,0.9739419666173946,0.9813284952606636,0.9743842364532019,5
swin_tiny,standard_ce,27,0.06372185355163648,0.0413610336752133,0.0775899224886785,0.05983292988397496,0.0389385532820215,0.0789148552730918,0.9804953585957004,0.9732239807545218,0.9908607510800932,0.9770114942528736,5
swin_tiny,standard_ce,28,0.058497382281491275,0.0394566393458989,0.0720614853054808,0.06752773430490899,0.0590323901541029,0.089405175905953,0.9773028751733218,0.9700047961015796,0.98107190485524,0.9737274220032841,4
swin_tiny,standard_ce,29,0.0578550961034422,0.0525001577455599,0.0679713037953448,0.06580013690813792,0.0556564730651713,0.0792428427092939,0.9796498812172574,0.974060021502866,0.9836365257713572,0.975369458128079,4
swin_tiny,standard_ce,30,0.0537010864665656,0.0470094439071097,0.0638073340156532,0.06071352558145492,0.0512021410566477,0.077084520301049,0.9815004610983521,0.976527765303685,0.9852425187332317,0.9774220032840724,4
swin_tiny,standard_ce,31,0.05098621841529885,0.0420906880268129,0.0620379147759797,0.057018345656379574,0.0459078495315779,0.0835031043770241,0.9836843353919487,0.9737306635250528,0.9893707405282672,0.9802955665024631,4
swin_tiny,standard_ce,32,0.05562299441186927,0.0447506768738618,0.0692909116838749,0.0576960095842881,0.0460944502248944,0.0821435400430107,0.9827802264928345,0.9766701069751812,0.985364437487891,0.9798850574712644,4
swin_tiny,standard_ce,33,0.054307722245377374,0.0405336688071332,0.063866410610595,0.05730669859266105,0.0471824190207743,0.0797935302074148,0.983463991225625,0.9766701069751812,0.9866821859503352,0.9802955665024631,4
swin_tiny,standard_ce,34,0.05012310032433888,0.0335091833798547,0.0709110391631145,0.057186851323443005,0.0470347511605015,0.0798005752104115,0.983463991225625,0.9766701069751812,0.9866821859503352,0.9802955665024631,4
vit_b_16,balanced_ce,1,1.0303073524716448,1.0117039324738648,1.0640959870836229,0.7756571880115077,0.7262177553474414,0.8125849384783915,0.6956895623537772,0.6239041766208322,0.752532014219777,0.6978653530377669,5
vit_b_16,balanced_ce,2,0.6375768170918228,0.6077981671046708,0.7031255785421663,0.5361420417262611,0.4255993571774712,0.7308239279122188,0.8060361566599925,0.7155237765519755,0.8567645049700234,0.7967159277504106,5
vit_b_16,balanced_ce,3,0.45585828785841825,0.3899188364536775,0.4949884126548817,0.480186492610839,0.395230862503177,0.5818858021390066,0.8059918934214144,0.7373462880615416,0.8630021090905844,0.7973727422003284,5
vit_b_16,balanced_ce,4,0.3558994106584358,0.3283330171409935,0.4081180422502997,0.4301296826702815,0.3338417489393591,0.525432142326593,0.8239797270682099,0.7494782228297108,0.8876005206163927,0.813136288998358,5
vit_b_16,balanced_ce,5,0.3037476925386905,0.282701596675313,0.326093589238207,0.39481378301415343,0.2440405156714184,0.5179812382594705,0.8636910600056622,0.8255799000090597,0.9244779244751606,0.8502463054187193,5
vit_b_16,balanced_ce,6,0.291026252809853,0.257600558364538,0.3118960461371393,0.30724388042155937,0.2772132250524702,0.3411262258520267,0.8987451072190403,0.8825954876332145,0.9224306481597272,0.8834154351395732,5
vit_b_16,balanced_ce,7,0.24798302459276828,0.2336214063928081,0.2583296109377185,0.2762153361329108,0.2039359345028944,0.4033153192163101,0.9052375843559904,0.8728157134584812,0.9279919555734722,0.8988505747126437,5
vit_b_16,balanced_ce,8,0.25285068894103035,0.236888072015112,0.2685555773323994,0.30678508663412385,0.2683748896486066,0.3584495102634962,0.8964172248520315,0.8744451580995453,0.921946138250752,0.8817733990147782,5
vit_b_16,balanced_ce,9,0.2139065904281575,0.2023331065798057,0.2278026336211521,0.22003904287940362,0.1778256140514743,0.2502458985215924,0.9295100916856518,0.9108182353754244,0.9519952026812066,0.9185550082101808,5
vit_b_16,balanced_ce,10,0.19097555305212993,0.1794792391765725,0.2045293053602292,0.1941022438852021,0.1683109766866381,0.2240736051929016,0.9384282888879791,0.9233360863329896,0.9506165846112646,0.9267651888341544,5
vit_b_16,balanced_ce,11,0.18786346152136738,0.1456780328875266,0.2472287274936381,0.28737113155265553,0.2008720626335817,0.4667207599664948,0.9093138626329683,0.8445043607854409,0.9381348794247324,0.8965517241379309,5
vit_b_16,balanced_ce,12,0.16997709414635262,0.1454347739215475,0.2011762492005142,0.2118744846096962,0.1432177024619724,0.3276933578434836,0.9274912352593665,0.8923338219799962,0.956744398945664,0.9185550082101805,5
vit_b_16,balanced_ce,13,0.15925713707724015,0.1356722225518553,0.1965366242574577,0.22894304959449077,0.173953994863922,0.2751673486921783,0.9193632227764269,0.8955086313560889,0.9461512939333948,0.9188834154351395,5
vit_b_16,balanced_ce,14,0.15503657277706212,0.135858500579958,0.167995595269442,0.18804107800994693,0.1380954948062771,0.2478398082683043,0.9453369268010713,0.9389751715900326,0.9537693314774984,0.9366174055829228,5
vit_b_16,balanced_ce,15,0.13794858456430512,0.121304824406867,0.1519998641380212,0.16686999466092808,0.1354808013837276,0.2227978097589928,0.9437777354354289,0.9185204096628804,0.9590742241909944,0.9379310344827587,5
vit_b_16,balanced_ce,16,0.11811696837009669,0.1011499343266438,0.1306585941849986,0.17888562703269648,0.1249294846956365,0.2566202734589381,0.9425872801857811,0.9238024347241212,0.9577940025342054,0.93431855500821,5
vit_b_16,balanced_ce,17,0.11695693110926024,0.101209306644901,0.1430251437980806,0.19027086426863332,0.1619261214004949,0.2197976703763204,0.9378342041737937,0.9280768089899112,0.9523653642086116,0.9277504105090312,5
vit_b_16,balanced_ce,18,0.10343896005456521,0.0897220542264843,0.1182102567838711,0.1623258088518099,0.1204332473927922,0.1895141050048258,0.9454357740140488,0.9311052558697144,0.9613240137042204,0.937192118226601,4
vit_b_16,balanced_ce,19,0.09228943552615634,0.0803114137293112,0.1013143608755774,0.12450062288032547,0.0818345967209202,0.1534630644008248,0.9609534759003674,0.9478969763803922,0.9727793335897564,0.9540229885057472,4
vit_b_16,balanced_ce,20,0.08595901886271295,0.0720152964216439,0.1014393806532811,0.14393149359130308,0.1170621824333037,0.1562389610901059,0.9542015557798893,0.9479815596450772,0.9631483090958994,0.9474548440065682,4
vit_b_16,balanced_ce,21,0.08593205793266408,0.07948324488106,0.098205165923794,0.10901986314243767,0.0955863108457798,0.1190787190433793,0.9647511261010785,0.9592490842490842,0.9676598276159596,0.958128078817734,4
vit_b_16,balanced_ce,22,0.07390584019229618,0.0570342316647405,0.0830292784224259,0.11286676795128575,0.07954757344987,0.1758819878199221,0.9642437309321261,0.9465885942707134,0.9758455659058052,0.9577175697865353,4
vit_b_16,balanced_ce,23,0.06924775641136152,0.0579693205318264,0.0782377261259251,0.10496611752025839,0.0919860550592392,0.116647034076047,0.9679035181312359,0.964884586983192,0.9715974015357632,0.9622331691297209,4
vit_b_16,balanced_ce,24,0.06004208066837895,0.0551432493396483,0.0640447156055321,0.10406334929157515,0.0792924414093687,0.1237774213962562,0.9668989387810105,0.9604519229492948,0.9758154900982232,0.9601806239737275,4
vit_b_16,balanced_ce,25,0.05803526655250338,0.0427499761814758,0.0731319174766278,0.0882917347112563,0.0699404136756395,0.1069413825796155,0.9714797547124102,0.9673388918401076,0.975544808178159,0.9667487684729065,4
vit_b_16,balanced_ce,26,0.051352210270733126,0.0432404486334805,0.0607200351731953,0.0875784731492987,0.0769376489647307,0.1009463440498401,0.9743989022488246,0.9674737489708614,0.981140112537046,0.9696223316912973,4
vit_b_16,balanced_ce,27,0.047839613551881946,0.0450420183470875,0.0523840261128958,0.08937608058012295,0.063481613281007,0.1109058716577555,0.9692123396452589,0.9643307796304642,0.9786853002070394,0.9630541871921183,4
vit_b_16,balanced_ce,28,0.042410754592160725,0.0339242999019225,0.0492781914485805,0.088527701834862,0.0762873115614423,0.1075570461491645,0.9721466471769081,0.9665609840150572,0.9756695365925704,0.9663382594417078,4
vit_b_16,balanced_ce,29,0.03436637751832567,0.0274249420398175,0.0395365892465902,0.0858559991356921,0.0623286470085725,0.0997213757488332,0.9748973625123409,0.9658432158613895,0.9811736544948212,0.9696223316912973,4
vit_b_16,balanced_ce,30,0.03837098445869552,0.0343343762326118,0.0447878784910891,0.07694963223112769,0.0524935485620804,0.0913262106172361,0.9750591666127518,0.9714004071735708,0.9824990064397888,0.9696223316912973,4
vit_b_16,balanced_ce,31,0.03444910261326632,0.0294501927558509,0.0403551704664379,0.07505828667621695,0.0530227633569334,0.0882312706465204,0.9761589856171444,0.9732810867293626,0.981268084957448,0.9708538587848934,4
vit_b_16,balanced_ce,32,0.03400376668172885,0.0252508908506934,0.0478385199070867,0.0753158067294957,0.057565961754919,0.0939282315778614,0.9763737078350613,0.9717442404162092,0.9810339239412272,0.9712643678160919,4
vit_b_16,balanced_ce,33,0.032368650581292374,0.0268413723340857,0.0393084334186646,0.07420029579118895,0.0544404520642483,0.0938197931302298,0.9782162699177359,0.9717442404162092,0.9852772033270906,0.9733169129720853,4
vit_b_16,balanced_ce,34,0.03347627779455958,0.0282818407304437,0.0415292309859531,0.07451721769872258,0.05432756349738,0.0943956856228937,0.977887044928976,0.9717442404162092,0.9852772033270906,0.9729064039408868,4
vit_b_16,focal_loss,1,0.5799592908782154,0.5799074801703119,0.5800443272599017,0.5679009363764809,0.5673382424172901,0.5685199327852534,0.4772946924411435,0.4394814942185264,0.4957063213133362,0.5665024630541872,5
vit_b_16,focal_loss,2,0.5342162010330307,0.5335723289286943,0.5346214500273887,0.4961236451646965,0.4942158939215937,0.4982467166504445,0.5677263039942041,0.5357267909265429,0.5780632209401103,0.6220032840722496,5
vit_b_16,focal_loss,3,0.45569125591137283,0.4548717452268818,0.4561334640259064,0.42502777997300345,0.4188423185121445,0.4335121588753949,0.5862056813522127,0.5640175430974712,0.5976028225056598,0.6305418719211823,5
vit_b_16,focal_loss,4,0.38916819611626474,0.387910131808953,0.3908661435169998,0.3658875495537944,0.3596098096108397,0.3743946333041136,0.6250730068633836,0.6050145348837209,0.6422362182639577,0.6535303776683087,5
vit_b_16,focal_loss,5,0.33737563349450617,0.3351119032224578,0.3393691608482588,0.32423259205810345,0.318247041678781,0.3281843444983947,0.6245780788290916,0.6108885336609143,0.6395750235214966,0.6505747126436782,5
vit_b_16,focal_loss,6,0.2945932546818403,0.2926830176833644,0.2965144168094508,0.29447179776302895,0.2819762797582717,0.3226943229415342,0.6332240100027653,0.6016691657186175,0.6561406142056944,0.6528735632183909,5
vit_b_16,focal_loss,7,0.26137123736115875,0.2583713746709857,0.2663487697527572,0.2639478578551845,0.2413789491935316,0.2984055916859794,0.6600789767123032,0.6115302106978282,0.7009840011115734,0.671592775041051,5
vit_b_16,focal_loss,8,0.23267961782185598,0.228430627713304,0.2392188059424683,0.24114349886701608,0.2311970478991178,0.2548111003803698,0.6763278869408419,0.6571083313532367,0.6919545237455039,0.6794745484400657,5
vit_b_16,focal_loss,9,0.20930816852878809,0.2052341102715745,0.2155446675205063,0.22154949584422243,0.2013104012838529,0.2428679119777209,0.7061218614479354,0.6610009179547415,0.7414615917547209,0.7024630541871921,5
vit_b_16,focal_loss,10,0.1900782976811506,0.1860952473954283,0.195644094262056,0.21400650168091598,0.197726197137034,0.241849300505101,0.7254744010371714,0.6817559818222186,0.7750290092087624,0.7172413793103448,5
vit_b_16,focal_loss,11,0.17508566898285607,0.1712069773139769,0.1796307452847961,0.18966008481525237,0.1754403008616029,0.2027086871010916,0.7814827174319252,0.7267849606013619,0.8200362059173113,0.7648604269293925,5
vit_b_16,focal_loss,12,0.16207111217330333,0.1590363788898045,0.1673965785383968,0.17978514716738742,0.1705015833154687,0.19421975679194,0.8075502501592146,0.7704657418888384,0.8368819598957971,0.787192118226601,5
vit_b_16,focal_loss,13,0.15297718590351309,0.1488341556256391,0.1573809896207861,0.17442910671234127,0.1551253141832273,0.1860332373523555,0.8111839991137023,0.7825916891719962,0.8474845873684558,0.7894909688013136,5
vit_b_16,focal_loss,14,0.1424126434273795,0.1407065525781919,0.1452590048365517,0.1722268901630771,0.1628179779193671,0.1828899273927184,0.8114579234831745,0.7874058428374368,0.8287945770704392,0.7894909688013136,5
vit_b_16,focal_loss,15,0.13277138984737577,0.1303816197731373,0.1351390680340765,0.16376335432964,0.1515805361110392,0.1769145918988633,0.828016047430825,0.8193458387818142,0.8374132237473733,0.80623973727422,5
vit_b_16,focal_loss,16,0.12686357012375374,0.1220342231498661,0.1295754232127972,0.15966169808689984,0.1499278520911393,0.170988712600495,0.8235706616284191,0.8135060573196888,0.8324996341166304,0.8,5
vit_b_16,focal_loss,17,0.12074388786914683,0.1179770956035238,0.1254699150869632,0.1492834667266883,0.1307911388392519,0.1782631228122805,0.83327744305829,0.7960409303711422,0.8599713771927084,0.8101806239737274,5
vit_b_16,focal_loss,18,0.1170117685235447,0.1145829538416988,0.1190961979918823,0.14991775430090515,0.1367760556084769,0.1710943112819652,0.8350900540967153,0.8082192537039633,0.8529323397449996,0.8111658456486042,5
vit_b_16,focal_loss,19,0.113230624245005,0.1112815912164787,0.1161974027883818,0.14232993805154007,0.1357460740360329,0.1583199373802723,0.8466621307816705,0.8291478666768142,0.8576520166190322,0.8216748768472906,5
vit_b_16,focal_loss,20,0.1108207698451823,0.1057434024102658,0.1167824638408391,0.1381138532228266,0.1219332551917027,0.1485975902460283,0.8457604586096463,0.8315408147388451,0.8603242918619961,0.8220032840722495,5
vit_b_16,focal_loss,21,0.10639278468798663,0.1028248211149591,0.1088944902214727,0.1354631399677696,0.1204271242144855,0.144765634156996,0.8459999934944189,0.8294513144934875,0.8587488261601561,0.8229885057471265,5
vit_b_16,focal_loss,22,0.10433064627966895,0.1004161311120371,0.1069760947188719,0.13826875357792293,0.1210353215926973,0.1618628817043085,0.8483832175072843,0.8300869592537238,0.8609504646907497,0.8259441707717571,5
vit_b_16,focal_loss,23,0.10273830765291965,0.1001744937223688,0.1050534815813933,0.13121011623216575,0.1223710870312156,0.1435959153183184,0.8555495204087338,0.8387054493025897,0.86189000854476,0.8328407224958949,5
vit_b_16,focal_loss,24,0.09973278977775613,0.097019838943737,0.1015988664855437,0.13060186063910545,0.1161487469532219,0.1442017618854253,0.8588263007434304,0.8382961260790263,0.8810334621429563,0.8367816091954022,5
vit_b_16,focal_loss,25,0.09913308434489529,0.0961245574188044,0.1030366270398632,0.13255992640415432,0.1177290508704036,0.1466446121533711,0.8557031691575299,0.8423519334566274,0.8740910729300821,0.8334975369458129,5
vit_b_16,focal_loss,26,0.095962483748296,0.0941254110348874,0.0973657739825009,0.12798477740123354,0.1245858498003291,0.13253593043545,0.8560210140753461,0.8460458026313731,0.8669629170774212,0.8341543513957307,5
vit_b_16,focal_loss,27,0.09507156126973706,0.0925097002636359,0.1006442802468796,0.13004771318341707,0.1242691934206607,0.1357292218748571,0.8564741703748313,0.8511192038839522,0.8610972062462622,0.8344827586206897,5
vit_b_16,focal_loss,28,0.09602796057432308,0.0945847269769607,0.09750225227097,0.1295955408970123,0.1236135612176165,0.1448629193118053,0.8614001781391621,0.8513640728205032,0.8719111586043731,0.8394088669950739,5
vit_b_16,focal_loss,29,0.09242078618000801,0.0908339759194159,0.0947823902425112,0.13000119699437432,0.1242467782571789,0.1370351953655236,0.8560260405738067,0.8515443488224343,0.8597468124615324,0.8334975369458129,5
vit_b_16,focal_loss,30,0.0930368891031021,0.0861381092630916,0.0950620395646991,0.13031665767942152,0.126469650977155,0.140013916836975,0.8594984080820132,0.8556076505781012,0.870247220512102,0.8374384236453201,5
vit_b_16,focal_loss,31,0.09080749305511814,0.0896320591584136,0.0919442733687549,0.12772204756541006,0.1237631930506288,0.1349815106744249,0.8599388104307094,0.8546125970188703,0.8692140433138983,0.8377668308702791,5
vit_b_16,focal_loss,32,0.09225610676033318,0.0891893477347697,0.0944294934375424,0.12759519313356554,0.1242721357760562,0.1355134365202366,0.8618553219903375,0.8559101922625911,0.873838379146201,0.8399014778325122,4
vit_b_16,focal_loss,33,0.0931004423458253,0.0914279309564608,0.0947729537351898,0.12988538450403944,0.1245022962246035,0.1352684727834754,0.8569171390992921,0.8565798064494019,0.8572544717491823,0.8349753694581281,2
vit_b_16,focal_loss,34,0.09377625182507526,0.0894220845685118,0.0981304190816387,0.12987559143154095,0.1244644706668133,0.1352867121962686,0.8569171390992921,0.8565798064494019,0.8572544717491823,0.8349753694581281,2
vit_b_16,standard_ce,1,1.0518277421693183,1.0317322014086276,1.0604655166292445,0.7161657035448672,0.6381473235896068,0.8174251384531531,0.7378282234999503,0.6701346585638508,0.7758460075751419,0.7385878489326765,5
vit_b_16,standard_ce,2,0.6884563626513959,0.5976959993948208,0.7623844141071836,0.6464661996744341,0.5258713872561901,0.7875967683463261,0.7682684327799028,0.7175996580172819,0.8358050267369701,0.7543513957307061,5
vit_b_16,standard_ce,3,0.5181219702843831,0.4604799841011764,0.5928370884516536,0.5472547693597076,0.3860629732385645,0.7486855001089412,0.7884877048749607,0.7199277938983407,0.8631587245287207,0.7688013136288998,5
vit_b_16,standard_ce,4,0.42506910221647926,0.3399074291722008,0.4639576399682485,0.33565764473185355,0.2485731741771322,0.4221705399906302,0.8895638103415191,0.8701130564090873,0.9167544723937906,0.8725779967159278,5
vit_b_16,standard_ce,5,0.3544776826457944,0.335984521308138,0.3690006263121989,0.2818295519695003,0.2352232240103735,0.3646854738504526,0.9128050614155108,0.8833604933537832,0.9261440772119603,0.9024630541871922,5
vit_b_16,standard_ce,6,0.3310857064458942,0.2845510823655421,0.3601469389164594,0.2891334004504437,0.236843125279901,0.3373776542142107,0.9042876881321551,0.876894380250753,0.933275181565512,0.8926108374384236,5
vit_b_16,standard_ce,7,0.2710190135921451,0.2494392765008292,0.2879003927766334,0.29909291334927374,0.2379710267134292,0.431324661218474,0.9001125176620384,0.8415729100128629,0.9292359532525626,0.8896551724137931,5
vit_b_16,standard_ce,8,0.25125606280795715,0.2152075629661707,0.2857140398193118,0.28297576833094273,0.2475388893744432,0.3402543953682597,0.9019460327278219,0.8749685055087645,0.9252020815105144,0.8906403940886699,5
vit_b_16,standard_ce,9,0.23495479434152475,0.2304729444018985,0.2399152278638263,0.2579172045726494,0.206257335168779,0.2934444498741764,0.9112098517887979,0.8923057300261134,0.9311776257242472,0.9021346469622331,5
vit_b_16,standard_ce,10,0.2141081111298085,0.1830564788858584,0.2451376655215957,0.23517009823388846,0.1921097571626672,0.3108985916342837,0.9243600870420595,0.8994355956383705,0.9370274129412984,0.9146141215106732,5
vit_b_16,standard_ce,11,0.21197792639762736,0.1879165557938217,0.2404359661383138,0.25018698345068435,0.1949906238585661,0.3176172775000774,0.9208908457849502,0.9017059038118588,0.9323505480235112,0.9067323481116585,5
vit_b_16,standard_ce,12,0.1904722008769038,0.1712760257438113,0.2059601422405829,0.16479642926570032,0.1419656610327401,0.1971668018936523,0.9479902042563031,0.9301555390956204,0.9539299012888276,0.9389162561576354,5
vit_b_16,standard_ce,13,0.1771934933512617,0.1550504609759118,0.2030494820411678,0.186550481389896,0.1569738198187942,0.2602790955252248,0.9418560251352552,0.9189370391831038,0.9536055779879866,0.9356321839080459,5
vit_b_16,standard_ce,14,0.16398285447137004,0.1549700685146613,0.1676541916122545,0.1935598998111848,0.1273679832617441,0.2725314801353931,0.9335836387367648,0.902416576104551,0.9637375422029276,0.9238095238095239,5
vit_b_16,standard_ce,15,0.14526126568027245,0.1320133339319057,0.163281921819769,0.16502813198198432,0.1128070957359226,0.2092361718122595,0.9504562403251036,0.9395232096527708,0.9656812340311844,0.942200328407225,5
vit_b_16,standard_ce,16,0.1437464772031261,0.1140564864962926,0.1757016483792521,0.1864575245624105,0.1353205937543526,0.2610440342786472,0.9388348837484773,0.9058106515847768,0.9583411692535242,0.9287356321839081,5
vit_b_16,standard_ce,17,0.12623636946317804,0.1051143475531588,0.1503147450529418,0.14843339583055037,0.1133607782191047,0.1647192508178,0.9526070583578361,0.9398548051471176,0.9690975274799212,0.9454844006568145,5
vit_b_16,standard_ce,18,0.11525148763332793,0.1043793326661134,0.1330835716573027,0.13098433972512213,0.0829396524354937,0.1623540029590353,0.9588319002118959,0.945362858523937,0.9731598985626112,0.9533661740558292,5
vit_b_16,standard_ce,19,0.10674457404742863,0.0909593187508243,0.1326419575156248,0.17575562048691193,0.1274843061410123,0.2339967417305913,0.9446340231587795,0.923389354570464,0.9574180526740104,0.9389162561576356,5
vit_b_16,standard_ce,20,0.09786217368968966,0.0902834973928169,0.1166086424436741,0.13936790975150215,0.126469397388264,0.1572432111710163,0.9548930875230444,0.9489532078738292,0.9587713876052196,0.9461412151067323,5
vit_b_16,standard_ce,21,0.08582712241734894,0.0809180055710573,0.0935260081483683,0.11902851335741027,0.0967661351552737,0.1716140386555191,0.964765726015164,0.9491142771956724,0.975864062310777,0.9589490968801314,5
vit_b_16,standard_ce,22,0.0843712619447226,0.0696216857332494,0.0928611837458422,0.11185678104168084,0.0824126502367467,0.1422232962618712,0.9633838638932165,0.9489297820028526,0.974759735616477,0.9566502463054188,5
vit_b_16,standard_ce,23,0.07306836817778561,0.0684923136747574,0.0756680207860595,0.10987301904231013,0.0920679203122976,0.1481076818760882,0.9645509165368692,0.94236721005582,0.9759588812396938,0.9586206896551724,5
vit_b_16,standard_ce,24,0.06730740686885106,0.0591948216430751,0.085696601137676,0.12103808336311636,0.1012418554883223,0.1471794224627108,0.9645691445087106,0.9492452235660748,0.9734414585189676,0.9582922824302136,5
vit_b_16,standard_ce,25,0.0629753209432171,0.0518237200230098,0.0737971449765149,0.11590346927664352,0.0758295845001789,0.160646915533664,0.9672536890576888,0.9520874235668806,0.9761686347026318,0.9602627257799672,5
vit_b_16,standard_ce,26,0.0519874938696079,0.0454613118489749,0.0575129506196204,0.09847657758932193,0.0858456475173898,0.1142530174090944,0.9706517156166671,0.9652248916248825,0.9815214387366178,0.9642036124794746,5
vit_b_16,standard_ce,27,0.047407629550819216,0.0430111114171403,0.0543091911678521,0.09520482110908658,0.0763277859963807,0.1032816283955362,0.9710177118528389,0.9644456144045044,0.9754655359368992,0.9651888341543515,5
vit_b_16,standard_ce,28,0.0431343345501851,0.0345012340115249,0.0496010307621976,0.10197887321802583,0.0794929913772738,0.1241083068892433,0.9706763774580736,0.9638931386675708,0.9768840323202984,0.9645320197044336,5
vit_b_16,standard_ce,29,0.04568294324426006,0.0409887574347937,0.0490168490589503,0.09621654147211892,0.0891094845039112,0.1046770549698905,0.9702178145488347,0.9632007787799372,0.9732146715643908,0.9645320197044336,5
vit_b_16,standard_ce,30,0.03849462487605544,0.0347148062409227,0.0432222769901758,0.08808250015292601,0.0762965492873601,0.0973703136563619,0.9729411387391996,0.9657175165038796,0.9758818355767372,0.9671592775041052,5
vit_b_16,standard_ce,31,0.034698395366511973,0.0305250934307154,0.0443988824060255,0.0863103437893496,0.0739666461449098,0.0953205966089404,0.9755319170950048,0.9727846345508198,0.9773306793780931,0.970032840722496,4
vit_b_16,standard_ce,32,0.03319707768339075,0.0317231034961494,0.035865996468989,0.08434421593194891,0.070486141347337,0.0950272922298591,0.9771971163205592,0.9714605056837092,0.982930040264824,0.9720853858784894,4
vit_b_16,standard_ce,33,0.030397416745936077,0.0269373334237163,0.0342424043966539,0.08358844481362715,0.0702580117692403,0.0944957081564933,0.9771971163205592,0.9714605056837092,0.982930040264824,0.9720853858784894,4
vit_b_16,standard_ce,34,0.03245876882445167,0.027140983746254,0.0373484708317038,0.08349204993973465,0.06990574664866,0.0943471453074604,0.9771971163205592,0.9714605056837092,0.982930040264824,0.9720853858784894,4
yolov8n_cls,balanced_ce,1,1.273920676318539,1.2501645045875456,1.3212682871072698,0.9868343002886217,0.8198654915898892,1.1428412153998817,0.569626560235861,0.406443544924861,0.678453514365521,0.5802955665024631,5
yolov8n_cls,balanced_ce,2,0.6048278836489562,0.5395271805813945,0.651252221327884,0.40959737682577424,0.3513703965788404,0.4812670367691904,0.8569702374560174,0.8229347879806267,0.8953362395177161,0.8479474548440067,5
yolov8n_cls,balanced_ce,3,0.38897664859445735,0.3665577593503392,0.4231350728204254,0.26563959929156183,0.2212248126470005,0.3329304991097286,0.9163455217621864,0.88647178866834,0.9410622736594092,0.915927750410509,5
yolov8n_cls,balanced_ce,4,0.29886965898328793,0.2734032120771693,0.3199615046552174,0.26536215204035946,0.1884396368353237,0.3556336665370047,0.8998036716606981,0.8326445339318036,0.93414711605795,0.9018062397372744,5
yolov8n_cls,balanced_ce,5,0.24989375763859184,0.2446692053510141,0.2603681671415146,0.2344931888952239,0.1380935852555022,0.3524937506379752,0.915385237012158,0.8702401517349299,0.9489321596114448,0.9185550082101808,5
yolov8n_cls,balanced_ce,6,0.20739732919080814,0.192422753101074,0.2203662411818814,0.16453869230127682,0.0938133704850728,0.2821034841202749,0.9458089065399179,0.9160890794500206,0.9706074622139278,0.9438423645320198,5
yolov8n_cls,balanced_ce,7,0.17371621213971206,0.1524410839868555,0.2013384831339278,0.18753670886562665,0.10029719702667,0.3809922904583621,0.9364650609717096,0.8773311198481815,0.9730878106177676,0.93431855500821,5
yolov8n_cls,balanced_ce,8,0.1503376019854746,0.1310551943463684,0.1603737503080669,0.12387378892948472,0.0703360610358625,0.2531843701949456,0.959972955641194,0.910876149291571,0.9827406085679546,0.9609195402298851,5
yolov8n_cls,balanced_ce,9,0.13554149590740355,0.121376042305009,0.1547320165103448,0.1594466429826924,0.0672444283766503,0.3322569656721813,0.9455504134172031,0.8829985509348168,0.9804369255244963,0.9405582922824302,5
yolov8n_cls,balanced_ce,10,0.12140547241642412,0.1116338652183804,0.1361461154592791,0.06749338185650174,0.0510399506009858,0.1077873091135412,0.9809498867989601,0.9623626788387298,0.9914685626427212,0.9799671592775041,5
yolov8n_cls,balanced_ce,11,0.10861656754266183,0.0947681152810111,0.1200104074719605,0.19112454328979614,0.0491754233543508,0.6600605772948887,0.9522607307393592,0.8544868682639806,0.9930851520986878,0.949096880131363,5
yolov8n_cls,balanced_ce,12,0.08883405741736262,0.073705118931568,0.1082816661451738,0.0491918366344275,0.0334672537526767,0.078438426895535,0.9855241700770178,0.9670394027458956,0.9929682024442776,0.9862068965517242,5
yolov8n_cls,balanced_ce,13,0.08082003653023277,0.0716334699916609,0.0903455081011163,0.061726488451487115,0.0474524205651482,0.0695997712329299,0.9799853771089092,0.9752065523848286,0.9839606283149736,0.9799671592775041,5
yolov8n_cls,balanced_ce,14,0.07719753832803455,0.0676678471817178,0.0874087644272822,0.044944899169573636,0.0305583181994399,0.0673807864796143,0.988359451298144,0.9835212326509026,0.9927700941211072,0.9875205254515599,5
yolov8n_cls,balanced_ce,15,0.07281213851720876,0.0627247087140232,0.0799081747706567,0.0549554757128526,0.02723216409038,0.0822970676503476,0.9883427343149324,0.9776697522846954,0.995840250485084,0.986863711001642,5
yolov8n_cls,balanced_ce,16,0.06304253200019963,0.0452079615878147,0.0778640726800543,0.06051291133654078,0.0333603439250064,0.1339801225198772,0.9806396397579974,0.9553303303303304,0.989008688822588,0.9789819376026273,5
yolov8n_cls,balanced_ce,17,0.05408210068898558,0.0482576909149311,0.0589404514167451,0.031423337348356,0.0251203460805423,0.0393003009577788,0.9919215617832522,0.9880950544654304,0.9985177908945,0.9914614121510674,5
yolov8n_cls,balanced_ce,18,0.0541317058510436,0.0430596359106851,0.0632119605203137,0.03902402399818916,0.0308384985184336,0.0483129904873069,0.9894993873899744,0.985188715286774,0.9932633919198806,0.9891625615763548,5
yolov8n_cls,balanced_ce,19,0.04549497832284716,0.0404198040639055,0.0506090863861523,0.0269259739809972,0.0186384199493012,0.0454694345376105,0.9926256413890314,0.9870784581267824,0.9955555555555556,0.9924466338259442,5
yolov8n_cls,balanced_ce,20,0.047882533453647104,0.0422564692065276,0.0595852297472543,0.02995333408887916,0.0207124667835524,0.0431398398125137,0.9917193541979709,0.988793044403034,0.9957205176030116,0.9908045977011495,5
yolov8n_cls,balanced_ce,21,0.04136142214629238,0.0366995513637227,0.0461864402835209,0.028058779164691815,0.0207717685879182,0.0350133747699015,0.9928921308344945,0.9872758566776648,0.9955555555555556,0.9917898193760262,5
yolov8n_cls,balanced_ce,22,0.03862697441143966,0.032496713340996,0.0456224240074572,0.02153176244693132,0.011739498856118,0.0399220941763383,0.9948787744265257,0.9884357003212006,1.0,0.9944170771756978,5
yolov8n_cls,balanced_ce,23,0.0344146294796901,0.0290771498104233,0.0445094362248278,0.02714751299928676,0.0143013725459441,0.0520202323369229,0.9926547581056919,0.9842472277950282,0.9970363355780022,0.9921182266009853,5
yolov8n_cls,balanced_ce,24,0.032504996683191525,0.0292299965029886,0.0359983179096283,0.02480670887088375,0.0113323581158772,0.0306958816639699,0.9939497463496947,0.9927513330626128,0.9972111671748652,0.9930213464696224,4
yolov8n_cls,balanced_ce,25,0.030543721936216878,0.0256207286670962,0.0385819290867746,0.02038375515673705,0.0167619670742789,0.027859781864168,0.9948555320107159,0.9940753724802804,0.9955555555555556,0.9942528735632183,4
yolov8n_cls,balanced_ce,26,0.03363388704675325,0.0312211669755605,0.0353809854225214,0.030884928916672102,0.0170056002737559,0.0456328673137402,0.9916770501269557,0.9871151140042064,0.9970363355780022,0.9905582922824302,4
yolov8n_cls,balanced_ce,27,0.025846042331907126,0.0233698787763452,0.0281814737052301,0.023954948885587052,0.0169680078937526,0.0344683621124607,0.9927301459602694,0.9897840812188936,0.9970363355780022,0.9922003284072249,4
yolov8n_cls,balanced_ce,28,0.027883040608299936,0.0220544005749069,0.0314404336951455,0.023439826318455332,0.0206258301141447,0.0263840866316039,0.9926969899456873,0.9897840812188936,0.9955555555555556,0.9917898193760264,3
yolov8n_cls,balanced_ce,29,0.0246322384781755,0.0240728771471154,0.0254434614070741,0.020921111239376965,0.0188678585372143,0.0234778187533401,0.9937943955793657,0.99159198673107,0.9955555555555556,0.9928845101258895,3
yolov8n_cls,balanced_ce,30,0.024669271564044536,0.0223470715327951,0.0276842361312811,0.025110618819148167,0.0149168881957766,0.0353172338901818,0.9922876892140559,0.985591087612694,0.9970363355780022,0.9917898193760263,3
yolov8n_cls,balanced_ce,31,0.017337333537337,0.017337333537337,0.017337333537337,0.0185589427434287,0.0185589427434287,0.0185589427434287,0.9970363355780022,0.9970363355780022,0.9970363355780022,0.9967159277504104,1
yolov8n_cls,balanced_ce,32,0.0180096848896067,0.0180096848896067,0.0180096848896067,0.0212063965447283,0.0212063965447283,0.0212063965447283,0.9955555555555556,0.9955555555555556,0.9955555555555556,0.9950738916256158,1
yolov8n_cls,focal_loss,1,0.617551965307058,0.5973181900324428,0.6455090541202699,0.6009273017764287,0.5794600945192409,0.6241103862893993,0.10266382329745889,0.0500312781733546,0.1765075589073163,0.19934318555008207,5
yolov8n_cls,focal_loss,2,0.6088152914265128,0.590019872527969,0.6356157090416692,0.592800603339629,0.5758738986572804,0.6109026888712678,0.11237689296280721,0.0562465977136635,0.177342086597925,0.2118226600985221,5
yolov8n_cls,focal_loss,3,0.5955837440993539,0.578551711348951,0.6206053159358422,0.5854220714279388,0.5695036095742914,0.5985020832670929,0.13842739090318673,0.0881766418789593,0.2152296905876938,0.23415435139573065,5
yolov8n_cls,focal_loss,4,0.584969018016842,0.5673420980232252,0.6118776450467235,0.580638265766338,0.5627295437509008,0.6025290577282459,0.1628049939258546,0.085015197568389,0.2605841651700566,0.26765188834154346,5
yolov8n_cls,focal_loss,5,0.5760294095325973,0.5583176931304127,0.6012513213291738,0.5726454414757602,0.557843429114431,0.5905833563389645,0.1961964729305357,0.1367418651838071,0.270693359708059,0.29753694581280793,5
yolov8n_cls,focal_loss,6,0.5701185720163824,0.5538798837334913,0.5938308727762193,0.5674176547131907,0.5531951834024076,0.5852222834118873,0.2095192517710564,0.1411585729571928,0.2758456337791589,0.31297208538587845,5
yolov8n_cls,focal_loss,7,0.5638264545656885,0.5450353115011393,0.5891471613270537,0.564479685064607,0.5497451924729622,0.5861807578107211,0.24121538911599077,0.1367975071487976,0.3330801408011333,0.341871921182266,5
yolov8n_cls,focal_loss,8,0.5594537653738669,0.5421222644447233,0.5831143339614667,0.5610791064835534,0.544406367346571,0.5788941397064034,0.2246625472347097,0.1416073182676598,0.3065090310691835,0.3471264367816092,5
yolov8n_cls,focal_loss,9,0.5545949285562511,0.5377974637991934,0.5740289085150184,0.5563394894153614,0.5429016551360708,0.568872751860783,0.2281414516157259,0.1548562253685593,0.3014789697482005,0.354679802955665,5
yolov8n_cls,focal_loss,10,0.5517951085362157,0.5352044886361107,0.570165331020087,0.5542771737074421,0.5364881091810799,0.5751178804876769,0.2277887535126797,0.1395141964178676,0.3015557726025732,0.3559934318555008,5
yolov8n_cls,focal_loss,11,0.5478217854168796,0.533982324516417,0.5638128092712175,0.5457238864331019,0.5335482370677253,0.5588756396461199,0.24539004028337175,0.1624857551253086,0.3204167140311887,0.36978653530377664,5
yolov8n_cls,focal_loss,12,0.5453856681227055,0.5289484258276298,0.5631260128557577,0.5473865286470047,0.5320528058582926,0.561147864620478,0.22891071799903476,0.1618383707789681,0.3055510062372334,0.3563218390804598,5
yolov8n_cls,focal_loss,13,0.5433481049013892,0.5287758233677105,0.5594250645495048,0.5427818491541105,0.5284664661230516,0.557893976104279,0.25544724698995425,0.207664478162075,0.3308317336944926,0.3766830870279146,5
yolov8n_cls,focal_loss,14,0.5411314507695619,0.5266874462523234,0.5555623172247137,0.5402826506320284,0.5261671447205818,0.5530678635747562,0.2757303194138383,0.1848369254243754,0.3717292800166608,0.39638752052545156,5
yolov8n_cls,focal_loss,15,0.5393671219043028,0.5271531323347444,0.5506745041569004,0.5392955076518318,0.5225373828548124,0.5556659285462353,0.2906458044262069,0.2246523538190205,0.3798987544139007,0.41707717569786534,5
yolov8n_cls,focal_loss,16,0.5402663988341136,0.5254277710755387,0.5490373646647314,0.5430609858633066,0.5243195478356335,0.5555745287873279,0.29808933326473275,0.193092866756393,0.4169044228010647,0.41461412151067323,4
yolov8n_cls,focal_loss,17,0.5403407758484825,0.5248958976281338,0.5502145840958258,0.5380393764851324,0.5248975973998384,0.5510003963127512,0.2918042200639603,0.2001811594202898,0.4208074534161491,0.41625615763546797,4
yolov8n_cls,focal_loss,18,0.5371812876215718,0.521255720960654,0.5431906198784839,0.5371486980266171,0.5231867870575885,0.5447295695690099,0.287419576537687,0.2109365257513405,0.4170129945747726,0.41666666666666663,4
yolov8n_cls,focal_loss,19,0.535430111855216,0.5212909951884633,0.5408070368381293,0.5338496743702927,0.5208796223591897,0.5467549495900598,0.29387446251791766,0.2001811594202898,0.4418081122001752,0.4265188834154351,4
yolov8n_cls,focal_loss,20,0.536180453864049,0.5200391455149189,0.5431741006973548,0.531508085175688,0.5168600834061947,0.5456340947174674,0.29440828000125147,0.2002812184024267,0.4646777568484843,0.42857142857142855,4
yolov8n_cls,focal_loss,21,0.5346829883976855,0.5188365051532672,0.5416203125918477,0.5334745843471174,0.5201896787276996,0.5467818047612759,0.29080054319008103,0.1982762289848904,0.4498873873873874,0.42610837438423643,4
yolov8n_cls,focal_loss,22,0.5336516837872605,0.5193591634711817,0.5398689622828746,0.5312307351475278,0.5239080899258944,0.5451954634514544,0.3027923118083715,0.2027984917425008,0.4594690417410743,0.4380131362889983,4
yolov8n_cls,focal_loss,23,0.5311495191785908,0.5155493070035911,0.5388408332591735,0.5301870144597807,0.5117346639507901,0.5415514339562904,0.2914635759160364,0.2092166258659305,0.4564450062552529,0.4273399014778325,4
yolov8n_cls,focal_loss,24,0.5324237743245277,0.5209540292961107,0.5378874642987242,0.532816422616907,0.5175315649638622,0.5439143244464605,0.28927095368568645,0.2051169277245925,0.4682601624965873,0.42610837438423643,4
yolov8n_cls,focal_loss,25,0.532366604080798,0.5195806471765146,0.539067667439868,0.5311235066607276,0.5172833546335474,0.5432022063211462,0.2938095849253071,0.2069509385903201,0.4498254623665808,0.4340448823207444,3
yolov8n_cls,focal_loss,26,0.5301349418374203,0.5194939727942428,0.5378590107592631,0.5322302261955697,0.5163928845343723,0.5401743589755154,0.2898685072728689,0.1901519091869399,0.4636846213489769,0.4334975369458128,3
yolov8n_cls,focal_loss,27,0.5261947109954848,0.5190328805329301,0.5333565414580393,0.5227607399567791,0.5135260287959783,0.5319954511175797,0.34487659492479994,0.234675132085133,0.4550780577644669,0.480295566502463,2
yolov8n_cls,focal_loss,28,0.5273206383880287,0.5182136732161778,0.5364276035598795,0.5243670966824875,0.5126777496831171,0.5360564436818579,0.3381881710953777,0.2105934725780986,0.4657828696126568,0.47619047619047616,2
yolov8n_cls,focal_loss,29,0.5285082115125572,0.5184121779272552,0.5386042450978592,0.5248603026561549,0.5149700132692584,0.5347505920430514,0.33752262051155085,0.2100715322413435,0.4649737087817582,0.4745484400656814,2
yolov8n_cls,focal_loss,30,0.5289611232511189,0.5190503726106117,0.5388718738916259,0.5219117678787516,0.5110149344885094,0.5328086012689938,0.3441587537833454,0.2217142477691736,0.4666032597975172,0.4811165845648604,2
yolov8n_cls,focal_loss,31,0.5146096119143213,0.5146096119143213,0.5146096119143213,0.5154267586217138,0.5154267586217138,0.5154267586217138,0.4679159007805639,0.4679159007805639,0.4679159007805639,0.5878489326765188,1
yolov8n_cls,focal_loss,32,0.5176907237259072,0.5176907237259072,0.5176907237259072,0.5111148303071854,0.5111148303071854,0.5111148303071854,0.4678930366452997,0.4678930366452997,0.4678930366452997,0.5894909688013136,1
yolov8n_cls,standard_ce,1,1.2346982123855965,1.1918234314776053,1.2806180577286517,0.8476736706270177,0.6683608645876052,1.0215622329555318,0.5480683220821982,0.4723831861662987,0.6097365513894171,0.6962233169129721,5
yolov8n_cls,standard_ce,2,0.6117411785762632,0.5324466596483556,0.6866115278016075,0.37043595638964166,0.3125751938530181,0.4446689747824457,0.8671704874321247,0.8388379635244023,0.898781818663637,0.858456486042693,5
yolov8n_cls,standard_ce,3,0.40059988045210576,0.365567724566468,0.4501371210404984,0.3216134373318826,0.2725167299922072,0.4247806826835782,0.894205800413515,0.8659053049680658,0.923114906832298,0.8876847290640393,5
yolov8n_cls,standard_ce,4,0.3055237279290265,0.279972862076466,0.3430953275445056,0.3818932002131966,0.1799879478923793,0.8723498161986152,0.8703943279590522,0.7508947314767529,0.9369053248513218,0.8692939244663382,5
yolov8n_cls,standard_ce,5,0.24587352317906846,0.2191195872211288,0.2765568017435828,0.2389569036552471,0.1495955754285571,0.3082732526931073,0.9185575139631006,0.8879347506464793,0.961221708310452,0.9133004926108373,5
yolov8n_cls,standard_ce,6,0.2044352365071723,0.1868815119739995,0.2229398254141447,0.17079569454410387,0.1402136870340271,0.1830240191252556,0.9414014505864344,0.9291960013162022,0.9579530893191888,0.9425287356321839,5
yolov8n_cls,standard_ce,7,0.17041151912277316,0.1599890302794679,0.1920621684649288,0.1370844386765742,0.0772455890826599,0.2301775082633853,0.9556226068731423,0.9155485575219602,0.9865289563975008,0.9530377668308703,5
yolov8n_cls,standard_ce,8,0.1549480640407658,0.1346841796872538,0.1679979539202994,0.18706013951052974,0.0868403272969382,0.4993591433871164,0.9216134900166221,0.7535381452868803,0.9771324565223768,0.9284072249589492,5
yolov8n_cls,standard_ce,9,0.12822060234045934,0.1154640919556726,0.1420150579436173,0.07173054918084038,0.0585156520966238,0.0961501777832731,0.9775325842681001,0.970453657955546,0.983608086101331,0.9773399014778326,5
yolov8n_cls,standard_ce,10,0.11351267390535821,0.1045309474393856,0.1343898062389638,0.05522857093220122,0.0452256915549486,0.0787268376225614,0.9812533371754567,0.9697816054092312,0.9874322294445408,0.9816091954022989,5
yolov8n_cls,standard_ce,11,0.11013497641876416,0.0982874754888311,0.1189030727885519,0.06603203093746216,0.0425795515439486,0.1344686768251687,0.980194572959317,0.9551984938769464,0.9905362138068484,0.980623973727422,5
yolov8n_cls,standard_ce,12,0.10442681091950516,0.0950520983060759,0.1224128227831504,0.08258192695200148,0.0402184729273194,0.2007947827219865,0.9729782347875384,0.9228341066303456,0.9942489889628444,0.9753694581280788,5
yolov8n_cls,standard_ce,13,0.09163669726243387,0.0800520069085336,0.1097508113837828,0.050353404107596846,0.0442411035057677,0.0588887415150385,0.9874548745207218,0.9818864865058669,0.9911164844407064,0.986863711001642,5
yolov8n_cls,standard_ce,14,0.07494881513215901,0.0694804761971237,0.0847844987348219,0.04316984827864194,0.0301930303815354,0.0614803493243132,0.9880752650937031,0.9836955270757484,0.9902105150145978,0.9888341543513958,5
yolov8n_cls,standard_ce,15,0.06429856908810443,0.0593867909706644,0.0687067067461752,0.03673743242512596,0.0256164875034432,0.0523789785618852,0.9884807842969447,0.985874262896657,0.9925957081394636,0.987848932676519,5
yolov8n_cls,standard_ce,16,0.06649559962427361,0.0601240092767353,0.0724235657857884,0.04657556296055534,0.0248078546480677,0.0611307073402874,0.9865202539253645,0.979504375987327,0.9957205176030116,0.9865353037766831,5
yolov8n_cls,standard_ce,17,0.05958120504256682,0.0532536837273982,0.0729057131750879,0.04429766032102128,0.0246736953334733,0.0573714149550784,0.9874433929753836,0.983852866423009,0.993031622945613,0.986863711001642,5
yolov8n_cls,standard_ce,18,0.0526107104009783,0.042925509925349,0.0583417078778016,0.028341360141068937,0.0221639778984982,0.0338242458824178,0.9905702570099398,0.9830253103113514,0.9957205176030116,0.9898193760262727,5
yolov8n_cls,standard_ce,19,0.04483837641638116,0.0383435310455454,0.0500314802226,0.028042592747157556,0.0206524351805185,0.039142531568371,0.9917412782198148,0.9848833661809204,0.9955555555555556,0.9917898193760262,5
yolov8n_cls,standard_ce,20,0.0476250834176431,0.0348735668609714,0.0596059466078746,0.02985602743607866,0.0206970836728664,0.0369424685957797,0.9923306039944035,0.9881590471185846,0.9960115211338444,0.9921182266009853,5
yolov8n_cls,standard_ce,21,0.038117750579514144,0.0319551052234294,0.0414266631845221,0.027699112930917702,0.0181871347040647,0.0382994414713961,0.992148242908728,0.9875976611973514,0.9986933650093331,0.9924466338259442,5
yolov8n_cls,standard_ce,22,0.03822077891154306,0.0346963597763565,0.0444956954850149,0.028074266804852983,0.0178783614882719,0.0377082022515619,0.992445380769469,0.9886070470761202,0.9971394692878006,0.9924466338259442,5
yolov8n_cls,standard_ce,23,0.03820136935299548,0.0298004735131896,0.0470336557207187,0.02219097831824404,0.0165972374406397,0.0275139748855732,0.9937865612556138,0.9889052118576276,0.9972060312628028,0.9934318555008211,5
yolov8n_cls,standard_ce,24,0.03060873626652766,0.0282087532832878,0.0339670751558089,0.02566250933545266,0.0175206325701644,0.035008814315463,0.9915687951098218,0.985856506313832,0.9955555555555556,0.9917898193760262,5
yolov8n_cls,standard_ce,25,0.0316879573221251,0.0225438533694547,0.0362394519520167,0.02072285611666745,0.0177588439898256,0.0268402119088391,0.9929637122409019,0.989898521265987,0.9957205176030116,0.9930213464696224,4
yolov8n_cls,standard_ce,26,0.0295780627294697,0.0262552721037976,0.0329518616572677,0.019430273630985425,0.017990792370883,0.0212861262583013,0.9943348297624482,0.993031622945613,0.9957205176030116,0.9942528735632183,4
yolov8n_cls,standard_ce,27,0.0280739121815854,0.0208690462620873,0.0338907316569337,0.028769951646444775,0.0208227328530991,0.042869629739529,0.9902902483395989,0.9869629396845911,0.993031622945613,0.9897372742200329,4
yolov8n_cls,standard_ce,28,0.0306796634816916,0.0282232419520564,0.0374671068527,0.0185398473899686,0.0129754608973963,0.0215121493378519,0.9950775865923438,0.9928666608981568,0.9972060312628028,0.9950738916256157,4
yolov8n_cls,standard_ce,29,0.024387006369511025,0.0204923078371948,0.0272742183646596,0.02837395302495945,0.0227777986693209,0.0354829392194146,0.9906613738384754,0.9870784581267824,0.993031622945613,0.9901477832512315,4
yolov8n_cls,standard_ce,30,0.029272302658791934,0.0249961537893318,0.0328910780503448,0.02209375482166617,0.0193148182291378,0.0255304912792607,0.9920450128499662,0.9875466577777976,0.995837047709488,0.9923371647509578,3
yolov8n_cls,standard_ce,31,0.0223183182378337,0.0186950637764168,0.0270697514518362,0.013529457020054333,0.0126157387806643,0.0150438657197535,0.9972451144303824,0.9972060312628028,0.9973232807655416,0.997263273125342,3
yolov8n_cls,standard_ce,32,0.025516142210239467,0.024212806293109,0.0271211852887498,0.019392588356859967,0.0098819419854796,0.0265137146749688,0.9942173188706529,0.9912675048193018,0.9985177908945,0.9939792008757525,3
yolov8n_cls,standard_ce,33,0.02512183098406723,0.0228683011884586,0.0268263356926276,0.01767203448090893,0.0163593150377854,0.0185146192210108,0.993978595037358,0.9918630929511144,0.995837047709488,0.9945265462506842,3
yolov8n_cls,standard_ce,34,0.02183685949945043,0.0185317625254688,0.0255406657224594,0.0206117983102366,0.0179230848817408,0.0252081817170843,0.9918941216875545,0.9884150976655788,0.9942356444514716,0.9917898193760263,3
